show_id,title,type,genre,country,language,release_year,date_added,rating,runtime_minutes,seasons,imdb_score,imdb_votes,tmdb_popularity
N00001,Elite 1,Movie,Documentary,Japan,English,2000,2024-04-23,G,78,,7.2,682269,8.79
N00002,Extraction,Movie,Documentary,United States,Hindi,2018,2020-07-04,TV-PG,102,,8.4,49394,24.93
N00003,Dark 3,TV Show,Documentary,United States,English,2019,2025-04-25,PG,59,6.0,6.9,120803,50.57
N00004,Dark 4,TV Show,Comedy,France,Spanish,2007,2024-12-08,PG-13,33,5.0,5.9,8084,20.74
N00005,Andhadhun 5,Movie,Horror,Japan,French,2008,2021-11-16,G,109,,6.3,54517,9.28
N00006,Enola Holmes,TV Show,Sci-Fi,United Kingdom,French,2020,2021-03-17,TV-G,57,7.0,5.4,14534,34.56
N00007,Narcos 7,Movie,Comedy,United Kingdom,Japanese,2001,2025-06-04,PG,76,,5.9,22834,168.5
N00008,Squid Game 8,Movie,Drama,South Korea,French,2014,2021-09-25,TV-MA,139,,5.9,27363,116.47
N00009,Black Mirror 9,Movie,Drama,India,Spanish,2015,2025-08-18,PG-13,172,,8.7,69209,29.2
N00010,Kantara 10,Movie,Crime,Japan,German,2019,2020-04-08,TV-14,122,,6.2,99203,17.68
N00011,Ozark 11,Movie,Horror,Japan,Spanish,2018,2025-10-19,TV-G,110,,6.9,41593,16.47
N00012,The Witcher 12,Movie,Crime,Japan,English,2015,2023-12-11,TV-14,168,,6.9,2573,19.6
N00013,Cobra Kai,Movie,Horror,Germany,Spanish,2006,2023-08-16,R,76,,7.4,14951,52.89
N00014,Manifest 14,TV Show,Action,France,Korean,2001,2020-10-24,TV-MA,55,8.0,7.4,5370,8.9
N00015,Cobra Kai 15,TV Show,Drama,Australia,Tamil,2001,2020-10-08,TV-MA,24,2.0,5.0,28713,32.8
N00016,Black Mirror 16,Movie,Animation,Australia,Japanese,2013,2023-06-25,TV-14,105,,7.3,53550,5.01
N00017,Kantara,Movie,Animation,India,English,2019,2025-09-10,TV-14,153,,7.6,19818,206.7
N00018,The Queen's Gambit 18,TV Show,Documentary,India,English,2004,2020-11-14,PG,63,5.0,7.3,10442,14.08
N00019,Drishyam,Movie,Action,South Korea,Spanish,2010,2023-03-02,PG,79,,7.5,67783,44.04
N00020,Cobra Kai,Movie,Drama,Canada,Spanish,2025,2021-07-01,PG-13,154,,7.8,12554,90.93
N00021,The Umbrella Academy 21,TV Show,Crime,Japan,Tamil,2010,2022-05-28,TV-14,39,4.0,6.8,66824,81.97
N00022,The Adam Project,TV Show,Romance,Spain,Tamil,2008,2024-09-04,G,47,6.0,8.6,87191,19.08
N00023,Dark 23,TV Show,Documentary,United States,French,2006,2024-06-22,TV-14,62,4.0,7.0,165892,128.87
N00024,The Gray Man 24,TV Show,Horror,South Korea,Spanish,2009,2024-10-10,G,32,7.0,6.9,43854,64.02
N00025,You 25,Movie,Documentary,South Korea,Hindi,2000,2022-09-22,TV-PG,140,,7.4,36698,22.02
N00026,Andhadhun 26,Movie,Thriller,South Korea,Korean,2024,2025-12-13,TV-G,84,,8.5,13652,22.56
N00027,All Quiet on the Western Front 27,Movie,Drama,India,French,2004,2023-10-27,G,90,,7.1,193493,26.12
N00028,Kantara,TV Show,Sci-Fi,United Kingdom,German,2017,2025-04-09,TV-G,60,5.0,6.4,67174,17.31
N00029,Glass Onion 29,Movie,Thriller,South Korea,English,2009,2021-07-13,TV-MA,117,,6.0,20488,12.95
N00030,The Night Agent 30,TV Show,Animation,France,Tamil,2024,2023-01-13,TV-PG,46,4.0,8.6,12171,17.01
N00031,All Quiet on the Western Front 31,Movie,Crime,United Kingdom,Spanish,2025,2020-05-13,TV-PG,129,,8.1,192367,40.66
N00032,Red Notice,Movie,Romance,France,Korean,2010,2025-02-25,TV-MA,81,,5.3,10537,24.46
N00033,Narcos 33,TV Show,Thriller,United States,Spanish,2007,2022-02-19,TV-MA,36,6.0,6.5,25364,125.95
N00034,Andhadhun,TV Show,Crime,France,English,2018,2022-09-14,TV-PG,39,2.0,6.5,78621,6.98
N00035,The Night Agent 35,Movie,Romance,United States,German,2020,2023-07-27,PG,168,,8.0,128231,56.26
N00036,RRR 36,Movie,Comedy,South Korea,French,2007,2021-08-07,TV-PG,123,,5.6,72818,25.65
N00037,Bridgerton,TV Show,Documentary,Australia,Japanese,2010,2021-07-23,R,51,8.0,6.8,24509,75.45
N00038,Narcos 38,Movie,Romance,Germany,Korean,2018,2022-02-24,PG-13,114,,6.3,31595,18.81
N00039,Sex Education 39,Movie,Sci-Fi,South Korea,English,2023,2025-09-05,PG,104,,6.6,28790,12.8
N00040,Darlings 40,Movie,Horror,South Korea,German,2001,2023-06-06,TV-MA,76,,4.6,42014,103.71
N00041,Cobra Kai 41,Movie,Comedy,India,Hindi,2015,2024-07-20,R,113,,6.7,35236,7.56
N00042,Ozark,TV Show,Sci-Fi,Germany,Korean,2012,2022-11-03,PG-13,23,2.0,7.2,10182,22.58
N00043,Dark,Movie,Comedy,United Kingdom,Korean,2017,2022-11-19,R,164,,8.0,34931,6.22
N00044,Sex Education 44,Movie,Thriller,United Kingdom,Tamil,2017,2022-09-18,TV-G,90,,7.0,5931,35.41
N00045,The Night Agent 45,Movie,Drama,France,English,2019,2021-08-17,TV-G,172,,6.9,316565,34.9
N00046,You 46,TV Show,Animation,France,French,2005,2023-12-16,PG,41,6.0,5.8,45395,10.22
N00047,RRR 47,Movie,Horror,United States,German,2012,2020-04-09,PG-13,99,,6.2,18224,33.94
N00048,Squid Game,TV Show,Sci-Fi,India,German,2014,2025-05-17,PG,27,8.0,7.2,205806,24.44
N00049,Glass Onion 49,Movie,Sci-Fi,Japan,French,2015,2024-05-27,TV-MA,83,,6.5,5863,48.88
N00050,The Adam Project 50,Movie,Animation,Australia,Korean,2009,2025-04-19,G,144,,7.1,5988,16.56
N00051,Extraction 51,Movie,Crime,United States,Hindi,2024,2023-02-17,TV-G,79,,6.6,100525,40.75
N00052,12th Fail,Movie,Crime,United Kingdom,Tamil,2004,2022-11-23,TV-G,117,,7.9,7859,24.75
N00053,Sex Education 53,TV Show,Animation,India,English,2001,2020-06-26,TV-MA,26,8.0,7.1,15630,135.43
N00054,The Gray Man 54,Movie,Crime,United Kingdom,Korean,2011,2023-10-05,R,97,,8.4,11403,43.83
N00055,Sex Education,Movie,Sci-Fi,South Korea,Tamil,2008,2025-05-15,PG,119,,6.0,24434,32.67
N00056,Wednesday,Movie,Sci-Fi,India,German,2012,2022-04-20,TV-PG,147,,5.3,8013,43.56
N00057,Roma 57,Movie,Animation,South Korea,English,2006,2024-06-24,PG-13,157,,6.4,187695,292.26
N00058,The Night Agent 58,Movie,Romance,France,Spanish,2009,2022-08-26,PG,142,,5.7,12869,320.94
N00059,Bird Box 59,TV Show,Comedy,Germany,Hindi,2010,2025-04-16,TV-MA,63,5.0,7.5,7592,23.64
N00060,Money Heist 60,Movie,Romance,Australia,Japanese,2017,2023-02-04,R,92,,6.9,14960,16.89
N00061,Glass Onion,TV Show,Crime,Germany,Japanese,2004,2020-12-12,R,46,2.0,5.5,62507,51.83
N00062,The Umbrella Academy 62,Movie,Romance,India,Hindi,2007,2023-02-22,R,82,,8.6,120534,208.56
N00063,Squid Game 63,Movie,Drama,United States,English,2019,2022-03-05,PG,104,,7.2,4939,15.79
N00064,Bird Box 64,TV Show,Drama,United Kingdom,Hindi,2003,2023-09-08,TV-MA,24,8.0,6.3,12524,71.88
N00065,Bridgerton 65,TV Show,Horror,South Korea,French,2021,2024-03-03,PG-13,51,8.0,4.8,5100,17.5
N00066,The Witcher 66,Movie,Animation,Spain,Hindi,2020,2025-11-25,R,139,,7.6,52894,37.98
N00067,Darlings 67,Movie,Crime,Canada,Hindi,2007,2020-02-03,G,94,,7.4,51997,19.46
N00068,The Irishman 68,Movie,Romance,United Kingdom,English,2023,2022-10-10,TV-PG,90,,6.2,35204,35.08
N00069,Drishyam,Movie,Thriller,United Kingdom,English,2016,2024-11-27,PG,146,,6.6,8949,57.94
N00070,The Crown 70,Movie,Documentary,Canada,Hindi,2008,2025-09-07,G,83,,6.5,18787,5.02
N00071,Bridgerton 71,Movie,Action,Canada,Japanese,2010,2023-11-14,TV-G,171,,6.7,232518,65.29
N00072,Kantara 72,Movie,Documentary,Japan,Japanese,2013,2020-04-13,TV-MA,161,,7.7,47456,25.34
N00073,Jawan 73,Movie,Thriller,United Kingdom,French,2009,2020-07-28,TV-MA,143,,7.1,6053,26.14
N00074,The Adam Project 74,Movie,Comedy,Canada,Spanish,2014,2024-08-27,TV-PG,89,,6.3,38191,55.55
N00075,Narcos 75,Movie,Thriller,France,Korean,2003,2022-06-24,PG-13,96,,6.1,19967,19.83
N00076,All Quiet on the Western Front 76,Movie,Documentary,Japan,German,2004,2025-10-21,TV-PG,173,,6.4,12576,48.46
N00077,Money Heist 77,TV Show,Romance,United Kingdom,English,2020,2022-05-03,TV-14,24,5.0,6.1,96053,38.17
N00078,Darlings 78,Movie,Crime,Germany,Spanish,2016,2020-08-04,TV-PG,99,,7.4,858212,154.2
N00079,Extraction,TV Show,Horror,United Kingdom,Hindi,2002,2022-02-18,G,41,1.0,8.4,37818,96.59
N00080,Enola Holmes 80,Movie,Animation,United Kingdom,Spanish,2023,2024-12-03,PG,158,,7.3,12235,11.63
N00081,The Crown 81,Movie,Romance,United Kingdom,French,2020,2022-03-07,TV-PG,129,,6.2,120261,34.05
N00082,Black Mirror 82,TV Show,Thriller,Japan,Tamil,2015,2021-03-06,PG-13,53,1.0,5.5,4018,30.84
N00083,Darlings 83,TV Show,Crime,Canada,Korean,2001,2022-11-19,TV-G,54,4.0,6.7,23064,64.96
N00084,Bird Box 84,Movie,Crime,Spain,Hindi,2009,2025-09-28,TV-14,157,,6.4,134057,13.1
N00085,The Crown 85,Movie,Action,South Korea,French,2024,2020-12-21,TV-PG,85,,6.0,20369,21.07
N00086,Bridgerton 86,TV Show,Drama,South Korea,English,2004,2022-04-27,PG-13,50,8.0,7.3,128147,315.9
N00087,Narcos 87,Movie,Animation,Spain,German,2023,2024-09-01,R,154,,5.6,14921,8.65
N00088,Kantara 88,TV Show,Crime,United States,English,2009,2023-08-02,G,25,6.0,7.7,36252,19.56
N00089,12th Fail 89,TV Show,Drama,Canada,French,2008,2025-03-27,TV-G,41,3.0,7.2,92617,173.97
N00090,The Umbrella Academy 90,TV Show,Action,United Kingdom,Japanese,2015,2022-01-28,TV-PG,54,8.0,6.2,23904,339.08
N00091,Kantara 91,Movie,Romance,France,Japanese,2025,2020-12-14,TV-14,138,,8.1,95736,150.37
N00092,You 92,Movie,Horror,South Korea,German,2005,2022-08-02,TV-PG,152,,6.1,18335,44.61
N00093,Black Mirror 93,Movie,Documentary,United States,Hindi,2013,2021-11-12,TV-PG,175,,8.1,6934,6.29
N00094,Kantara 94,Movie,Drama,Australia,French,2018,2023-06-21,PG,84,,7.6,7762,20.12
N00095,RRR 95,Movie,Drama,United Kingdom,Korean,2003,2020-03-28,TV-14,153,,6.1,31723,14.26
N00096,Lucifer 96,Movie,Sci-Fi,India,French,2022,2024-04-04,R,95,,7.0,67416,17.93
N00097,Glass Onion 97,TV Show,Sci-Fi,United States,Hindi,2007,2021-06-21,TV-14,65,8.0,6.2,610,8.69
N00098,Wednesday,Movie,Horror,Canada,Hindi,2021,2024-03-10,PG-13,139,,7.9,34390,50.78
N00099,Jawan 99,Movie,Thriller,Canada,Spanish,2022,2024-10-05,PG-13,153,,8.0,16940,10.68
N00100,The Crown 100,Movie,Animation,Canada,German,2023,2025-09-10,PG,173,,6.6,126570,43.71
N00101,The Adam Project 101,Movie,Crime,South Korea,French,2025,2023-03-25,TV-PG,93,,5.7,8481,27.32
N00102,Glass Onion,Movie,Romance,Japan,Korean,2003,2021-06-19,TV-PG,112,,7.4,24580,18.56
N00103,Red Notice 103,Movie,Sci-Fi,Spain,English,2005,2020-05-16,TV-G,105,,5.2,26750,21.38
N00104,Andhadhun 104,Movie,Comedy,France,Korean,2000,2022-09-10,TV-14,80,,7.4,10078,20.37
N00105,Bird Box 105,Movie,Horror,South Korea,Spanish,2014,2021-10-17,G,118,,7.6,34593,9.94
N00106,The Adam Project 106,Movie,Drama,United Kingdom,Spanish,2001,2023-10-24,PG,140,,5.9,230857,31.15
N00107,The Crown 107,Movie,Horror,Spain,German,2016,2022-11-26,R,128,,5.8,25581,21.65
N00108,Narcos 108,TV Show,Sci-Fi,United Kingdom,Korean,2018,2020-08-11,G,63,4.0,7.1,31935,64.08
N00109,The Adam Project 109,Movie,Thriller,France,German,2022,2024-07-11,PG-13,141,,5.8,18593,112.83
N00110,Darlings 110,Movie,Romance,Spain,Korean,2017,2021-05-18,PG,163,,7.0,7625,86.71
N00111,Enola Holmes 111,Movie,Documentary,Japan,French,2009,2021-05-02,PG,144,,6.6,24571,12.76
N00112,Cobra Kai 112,TV Show,Romance,Germany,Korean,2002,2020-11-17,R,37,3.0,6.0,90932,12.23
N00113,The Umbrella Academy 113,Movie,Comedy,France,Japanese,2001,2022-05-21,TV-MA,135,,6.5,40718,5.53
N00114,Manifest,TV Show,Animation,Japan,English,2002,2020-05-19,TV-14,51,3.0,7.9,34560,123.28
N00115,All Quiet on the Western Front 115,TV Show,Documentary,Germany,Japanese,2010,2025-03-01,TV-PG,32,2.0,8.1,22126,92.95
N00116,The Witcher 116,TV Show,Thriller,United Kingdom,Spanish,2018,2021-08-11,R,40,2.0,6.9,49311,22.57
N00117,You 117,Movie,Thriller,Germany,Tamil,2012,2025-09-23,PG,90,,7.1,6568,42.63
N00118,Bird Box,Movie,Documentary,Canada,Tamil,2020,2025-09-16,R,170,,4.8,35939,14.26
N00119,Kantara 119,TV Show,Animation,India,German,2021,2020-11-07,TV-G,54,3.0,5.9,997,71.26
N00120,Sex Education 120,Movie,Sci-Fi,United States,English,2016,2023-05-27,TV-MA,134,,6.8,22275,27.7
N00121,Glass Onion,TV Show,Comedy,United States,French,2018,2023-08-28,G,31,3.0,5.8,29331,28.02
N00122,Elite 122,Movie,Horror,United Kingdom,English,2021,2020-05-15,G,142,,7.6,42804,9.1
N00123,Wednesday 123,Movie,Thriller,Germany,Korean,2007,2025-01-13,TV-G,79,,6.6,13615,17.1
N00124,The Adam Project 124,Movie,Drama,United Kingdom,Korean,2006,2022-03-22,R,115,,7.6,27195,225.38
N00125,The Gray Man,Movie,Drama,Spain,French,2008,2025-07-14,PG-13,119,,8.8,235870,23.39
N00126,Drishyam,Movie,Horror,Germany,Tamil,2005,2023-09-17,PG-13,134,,6.4,13909,61.37
N00127,Dark 127,Movie,Thriller,Canada,Korean,2008,2024-12-22,R,152,,5.8,46505,8.87
N00128,Cobra Kai 128,Movie,Documentary,United States,Korean,2010,2023-04-18,TV-PG,171,,5.4,13333,153.95
N00129,Bird Box,TV Show,Sci-Fi,Spain,French,2012,2023-01-19,R,50,6.0,6.5,2532,22.29
N00130,Cobra Kai 130,TV Show,Documentary,Spain,German,2000,2024-11-22,TV-PG,41,4.0,6.4,206492,25.36
N00131,Wednesday,Movie,Sci-Fi,Germany,English,2015,2020-11-02,TV-MA,144,,7.8,2609,23.54
N00132,RRR,Movie,Thriller,India,English,2020,2020-09-18,G,153,,8.4,27393,54.96
N00133,Red Notice 133,Movie,Documentary,Spain,Japanese,2016,2023-02-12,G,142,,7.2,179033,14.22
N00134,Enola Holmes 134,Movie,Thriller,South Korea,Tamil,2007,2023-09-16,TV-MA,172,,7.0,292625,192.52
N00135,Andhadhun,Movie,Action,India,German,2022,2022-01-03,PG,102,,6.0,97956,31.51
N00136,Andhadhun 136,TV Show,Drama,United Kingdom,Korean,2018,2024-07-22,TV-PG,45,2.0,7.0,92406,135.14
N00137,Enola Holmes 137,Movie,Action,India,French,2023,2020-11-09,TV-G,173,,4.6,5629,72.32
N00138,Cobra Kai 138,Movie,Horror,France,Hindi,2011,2020-05-05,G,154,,7.0,17680,40.51
N00139,Bridgerton 139,TV Show,Action,France,French,2020,2024-02-20,TV-PG,48,7.0,6.8,18426,13.79
N00140,RRR 140,TV Show,Documentary,France,Spanish,2000,2020-03-14,PG,28,5.0,7.4,21123,12.0
N00141,Enola Holmes 141,Movie,Comedy,Canada,French,2015,2024-07-26,TV-PG,113,,7.0,49379,16.7
N00142,The Adam Project,Movie,Animation,United Kingdom,Japanese,2013,2025-12-21,TV-G,97,,7.7,9974,57.0
N00143,Drishyam 143,TV Show,Thriller,Canada,English,2025,2025-08-23,R,54,3.0,5.8,21197,39.2
N00144,The Gray Man 144,Movie,Comedy,France,Hindi,2009,2023-10-16,G,94,,8.2,39992,19.06
N00145,Red Notice,Movie,Crime,Spain,Spanish,2022,2025-10-02,G,88,,9.3,223973,196.43
N00146,Jawan 146,TV Show,Crime,India,Spanish,2010,2022-01-16,TV-14,48,6.0,7.5,28106,41.48
N00147,The Adam Project 147,Movie,Comedy,United Kingdom,Hindi,2002,2022-01-26,TV-14,167,,6.5,86777,22.46
N00148,Enola Holmes 148,Movie,Comedy,United Kingdom,Spanish,2010,2021-11-22,G,134,,7.7,28865,18.08
N00149,Lucifer,Movie,Animation,Japan,French,2023,2022-04-15,TV-14,177,,6.1,6147,99.63
N00150,Sex Education 150,Movie,Horror,Canada,Hindi,2015,2025-03-11,TV-14,133,,7.3,44010,37.67
N00151,Lucifer 151,Movie,Action,Canada,Spanish,2003,2023-05-05,PG-13,156,,6.6,22312,23.45
N00152,RRR 152,Movie,Animation,United States,Tamil,2014,2025-08-16,PG-13,158,,6.0,25907,19.03
N00153,Narcos 153,Movie,Thriller,South Korea,Hindi,2000,2022-09-27,TV-PG,138,,7.6,4017,49.16
N00154,Narcos,Movie,Drama,Germany,Korean,2024,2021-12-19,TV-PG,131,,7.1,54506,7.26
N00155,The Night Agent 155,TV Show,Crime,United Kingdom,Hindi,2019,2021-07-02,PG,65,5.0,5.8,36155,36.59
N00156,The Gray Man 156,TV Show,Action,Japan,German,2004,2020-11-26,TV-14,60,5.0,5.9,9609,24.18
N00157,Ozark 157,Movie,Documentary,Canada,Tamil,2023,2021-08-09,TV-PG,176,,6.0,92353,286.56
N00158,Black Mirror,TV Show,Horror,Australia,Japanese,2010,2021-05-03,TV-PG,47,4.0,7.3,123552,10.18
N00159,Dark 159,Movie,Action,United States,Spanish,2011,2024-04-17,TV-G,75,,6.4,44970,73.72
N00160,Bird Box 160,Movie,Romance,India,Japanese,2022,2021-07-25,PG-13,88,,7.5,142500,14.22
N00161,Roma,Movie,Action,India,Korean,2021,2020-02-05,TV-14,94,,6.9,45643,83.6
N00162,Manifest 162,Movie,Romance,France,English,2012,2025-05-07,R,145,,7.0,17580,19.73
N00163,Andhadhun 163,TV Show,Drama,Japan,Tamil,2009,2022-09-22,PG-13,43,6.0,6.6,26848,263.95
N00164,Enola Holmes 164,TV Show,Comedy,United States,Hindi,2024,2025-09-18,PG-13,38,7.0,7.0,32040,107.61
N00165,Dark 165,Movie,Comedy,Spain,Japanese,2009,2025-07-24,R,158,,9.1,9799,56.05
N00166,Stranger Things 166,Movie,Crime,India,Spanish,2002,2025-01-06,TV-G,169,,5.8,21265,8.44
N00167,Jawan 167,TV Show,Horror,South Korea,French,2016,2020-08-28,PG-13,65,2.0,7.2,57438,19.73
N00168,Money Heist 168,Movie,Comedy,Australia,Tamil,2008,2021-06-08,G,94,,7.4,39667,8.81
N00169,All Quiet on the Western Front 169,TV Show,Documentary,India,Japanese,2010,2022-06-03,TV-G,22,7.0,6.6,38598,11.24
N00170,The Umbrella Academy,Movie,Documentary,Australia,Korean,2006,2021-01-14,TV-MA,138,,6.8,232187,14.89
N00171,Wednesday 171,Movie,Drama,Canada,Spanish,2011,2025-05-03,TV-MA,105,,8.3,335745,7.06
N00172,Andhadhun 172,TV Show,Crime,Canada,English,2016,2023-11-05,R,60,7.0,7.0,19436,39.65
N00173,Roma 173,Movie,Crime,Canada,German,2010,2022-07-04,TV-PG,94,,6.7,9391,95.24
N00174,The Adam Project 174,TV Show,Sci-Fi,South Korea,Spanish,2006,2020-12-08,TV-PG,58,1.0,7.7,16478,9.61
N00175,Elite,Movie,Documentary,South Korea,Spanish,2001,2021-07-12,TV-14,82,,7.2,34384,53.18
N00176,Andhadhun 176,Movie,Comedy,United States,Tamil,2008,2025-07-16,TV-MA,134,,6.5,121816,54.81
N00177,The Gray Man 177,Movie,Action,Canada,Spanish,2013,2023-04-21,R,82,,7.1,13207,21.41
N00178,The Night Agent 178,Movie,Horror,United States,Spanish,2025,2020-06-20,R,139,,7.6,14614,22.18
N00179,The Night Agent 179,Movie,Documentary,United States,English,2025,2021-10-28,G,106,,7.4,13682,17.37
N00180,RRR,Movie,Action,Japan,Japanese,2005,2021-08-02,TV-14,147,,6.1,69001,174.06
N00181,The Adam Project,Movie,Thriller,United States,English,2019,2020-03-19,PG-13,177,,7.0,75542,3.19
N00182,RRR,TV Show,Romance,India,French,2016,2021-12-18,TV-PG,30,7.0,7.0,21394,20.21
N00183,Dark 183,Movie,Action,France,Korean,2018,2022-06-06,TV-14,93,,6.5,347380,177.0
N00184,Glass Onion 184,TV Show,Romance,Germany,Spanish,2021,2023-08-13,TV-PG,23,7.0,8.3,48375,174.36
N00185,Bridgerton,Movie,Sci-Fi,Australia,French,2003,2024-10-16,TV-MA,145,,6.2,70788,13.5
N00186,Drishyam 186,Movie,Action,Australia,Japanese,2020,2025-05-10,R,99,,5.9,66986,12.67
N00187,The Witcher 187,Movie,Animation,Spain,English,2012,2021-03-21,PG,151,,7.3,16652,10.56
N00188,The Gray Man 188,TV Show,Comedy,South Korea,French,2015,2021-08-02,PG,61,7.0,6.6,77832,75.31
N00189,Elite,Movie,Thriller,South Korea,English,2008,2023-09-14,TV-G,127,,6.5,41320,134.8
N00190,Roma,Movie,Sci-Fi,South Korea,Spanish,2007,2021-04-26,R,90,,6.8,62890,66.82
N00191,The Gray Man 191,Movie,Comedy,France,Tamil,2013,2024-06-28,PG,178,,7.5,4839,9.65
N00192,The Witcher 192,Movie,Animation,Australia,Hindi,2000,2024-02-26,PG,150,,8.6,29047,25.22
N00193,Extraction 193,TV Show,Crime,South Korea,Korean,2011,2020-12-16,PG,58,7.0,6.2,33635,19.11
N00194,Roma 194,TV Show,Romance,South Korea,French,2000,2022-12-14,TV-14,34,3.0,7.7,2506,210.62
N00195,Kantara 195,Movie,Crime,Germany,English,2006,2021-04-27,R,139,,7.1,99363,12.82
N00196,Narcos 196,TV Show,Drama,Germany,English,2007,2021-06-16,TV-G,49,7.0,5.2,6726,13.23
N00197,Ozark,Movie,Animation,Spain,Korean,2015,2025-04-22,R,148,,6.7,45303,23.75
N00198,The Queen's Gambit 198,Movie,Horror,United States,Japanese,2013,2025-12-21,PG,177,,7.4,53289,13.97
N00199,Bird Box,Movie,Romance,Germany,Japanese,2012,2022-11-04,TV-G,140,,7.0,196767,24.62
N00200,Cobra Kai 200,Movie,Romance,South Korea,English,2008,2024-07-22,TV-PG,94,,8.0,5265,78.25
N00201,12th Fail 201,Movie,Drama,Germany,German,2023,2025-06-17,PG,167,,7.7,20689,34.9
N00202,Extraction,TV Show,Horror,United Kingdom,Hindi,2021,2021-06-08,PG,55,3.0,7.0,12472,134.82
N00203,The Gray Man 203,Movie,Romance,South Korea,Japanese,2010,2023-01-28,PG-13,99,,6.1,50603,44.35
N00204,Wednesday 204,Movie,Romance,France,English,2006,2023-05-07,PG-13,97,,6.5,64361,10.2
N00205,Bird Box 205,Movie,Sci-Fi,India,English,2005,2022-09-07,TV-MA,143,,7.7,21080,28.82
N00206,Dark 206,Movie,Thriller,Japan,English,2020,2022-05-15,TV-PG,150,,7.7,48161,10.67
N00207,Money Heist 207,Movie,Action,Canada,Tamil,2021,2025-05-25,TV-MA,90,,8.0,48575,5.72
N00208,Stranger Things 208,Movie,Comedy,United States,Japanese,2001,2023-11-04,PG,101,,7.0,23733,7.22
N00209,The Umbrella Academy,Movie,Action,France,French,2022,2025-07-10,PG-13,108,,7.2,43878,15.7
N00210,Elite,Movie,Thriller,Germany,German,2015,2022-05-15,TV-MA,87,,6.6,198434,32.22
N00211,The Night Agent,Movie,Drama,South Korea,Hindi,2005,2022-06-06,TV-14,131,,6.1,22807,43.65
N00212,Wednesday 212,Movie,Documentary,France,Spanish,2014,2020-07-19,TV-G,96,,8.0,55163,9.22
N00213,Roma,TV Show,Sci-Fi,United Kingdom,English,2021,2020-05-21,TV-PG,51,2.0,5.8,133073,109.96
N00214,Cobra Kai 214,Movie,Horror,Australia,German,2021,2022-11-22,G,154,,6.0,47519,33.28
N00215,Cobra Kai 215,Movie,Animation,United States,French,2017,2022-01-17,R,171,,9.1,27465,29.71
N00216,Narcos 216,Movie,Crime,Japan,German,2012,2025-11-01,TV-14,138,,7.2,6033,34.38
N00217,All Quiet on the Western Front 217,Movie,Horror,Spain,French,2001,2022-01-27,R,101,,7.4,46150,15.15
N00218,Red Notice 218,TV Show,Horror,Australia,Japanese,2010,2024-09-12,TV-14,26,4.0,7.0,53956,19.52
N00219,The Umbrella Academy 219,Movie,Sci-Fi,United Kingdom,French,2005,2020-07-02,TV-14,125,,7.6,21158,16.56
N00220,Lucifer 220,TV Show,Sci-Fi,Australia,Spanish,2014,2020-07-22,TV-PG,52,3.0,5.7,26771,92.22
N00221,Jawan,Movie,Crime,Australia,Japanese,2012,2025-09-28,TV-PG,164,,8.3,146742,10.27
N00222,Red Notice 222,TV Show,Thriller,Japan,German,2017,2024-10-22,G,31,6.0,6.2,3622,3.4
N00223,Squid Game 223,Movie,Documentary,France,English,2017,2025-05-07,TV-MA,111,,7.4,40937,49.97
N00224,Wednesday 224,Movie,Comedy,Australia,Tamil,2014,2023-07-26,TV-PG,111,,6.0,31525,338.46
N00225,12th Fail,TV Show,Drama,South Korea,Korean,2001,2025-04-10,TV-G,65,6.0,7.5,96453,8.28
N00226,Sex Education,Movie,Comedy,United Kingdom,German,2021,2024-09-12,TV-14,174,,8.7,14879,185.69
N00227,Extraction,TV Show,Horror,Japan,French,2010,2022-05-07,TV-G,42,4.0,8.1,52670,33.92
N00228,The Adam Project,TV Show,Drama,India,Tamil,2024,2020-07-09,PG,59,4.0,6.7,49082,180.61
N00229,Ozark 229,Movie,Romance,Spain,Korean,2016,2025-07-27,TV-14,75,,7.3,7723,163.07
N00230,Lucifer 230,Movie,Crime,India,Japanese,2022,2024-02-19,R,86,,6.1,47838,26.99
N00231,Dark 231,TV Show,Crime,Germany,French,2013,2024-02-10,PG,57,1.0,6.3,32586,68.85
N00232,12th Fail,Movie,Sci-Fi,France,Japanese,2009,2025-03-10,TV-PG,92,,6.3,14619,27.23
N00233,Jawan 233,TV Show,Horror,Spain,Spanish,2000,2021-03-08,PG,33,6.0,7.2,34090,32.76
N00234,Cobra Kai 234,Movie,Animation,United States,Hindi,2005,2022-10-03,R,117,,7.2,30888,63.73
N00235,The Irishman 235,Movie,Romance,Australia,Japanese,2014,2022-03-22,TV-PG,175,,6.3,5523,13.1
N00236,Black Mirror,TV Show,Sci-Fi,Canada,Korean,2014,2022-12-21,TV-14,25,5.0,5.8,77390,4.51
N00237,Squid Game 237,TV Show,Horror,United States,French,2000,2023-04-25,PG,54,8.0,7.5,52819,10.23
N00238,You,Movie,Horror,India,Spanish,2016,2023-03-06,PG-13,178,,5.9,17871,187.88
N00239,Money Heist,TV Show,Romance,United States,French,2015,2020-12-17,PG,50,8.0,7.2,6852,89.57
N00240,Elite 240,TV Show,Animation,Spain,Tamil,2008,2022-06-16,TV-G,24,5.0,8.0,33592,18.08
N00241,Glass Onion 241,TV Show,Horror,United Kingdom,French,2000,2025-02-16,TV-G,58,2.0,6.4,27998,14.7
N00242,You 242,Movie,Action,France,Japanese,2018,2021-09-13,TV-MA,148,,7.2,31978,37.76
N00243,Jawan 243,TV Show,Documentary,India,Japanese,2023,2021-12-22,TV-PG,29,3.0,7.3,24129,13.24
N00244,The Witcher,TV Show,Animation,India,Spanish,2019,2023-10-20,TV-MA,52,7.0,8.2,11300,12.91
N00245,Kantara,TV Show,Horror,India,Tamil,2017,2021-08-26,G,46,6.0,8.1,150447,51.36
N00246,The Umbrella Academy 246,Movie,Animation,India,English,2025,2025-12-26,TV-MA,144,,7.7,22088,5.07
N00247,12th Fail 247,Movie,Horror,United States,Tamil,2003,2024-06-20,PG,149,,6.6,74272,9.24
N00248,Andhadhun,TV Show,Thriller,France,French,2012,2025-07-24,PG-13,50,5.0,7.4,33939,8.58
N00249,Stranger Things 249,TV Show,Comedy,Japan,Hindi,2021,2021-08-20,G,55,1.0,5.7,11505,23.15
N00250,RRR,Movie,Thriller,Canada,German,2008,2020-04-28,PG,174,,7.5,43018,73.84
N00251,Dark 251,Movie,Animation,Spain,Hindi,2025,2024-05-24,TV-PG,141,,6.3,63130,19.4
N00252,Manifest 252,Movie,Thriller,Australia,French,2008,2020-09-09,PG,146,,6.9,143700,9.69
N00253,The Queen's Gambit 253,Movie,Animation,Germany,Hindi,2012,2023-11-26,R,78,,7.2,144570,25.45
N00254,Extraction,Movie,Romance,France,Hindi,2007,2024-03-16,TV-PG,161,,5.5,172542,18.61
N00255,The Umbrella Academy 255,Movie,Documentary,United Kingdom,Korean,2018,2024-06-05,TV-14,108,,8.3,135161,4.27
N00256,Jawan,Movie,Sci-Fi,Australia,Japanese,2002,2023-04-25,PG-13,98,,6.6,18560,35.74
N00257,All Quiet on the Western Front 257,Movie,Crime,Germany,French,2025,2025-01-01,R,90,,7.2,3108,71.66
N00258,Extraction,Movie,Romance,Canada,French,2003,2021-08-14,R,135,,6.9,36335,33.42
N00259,Cobra Kai,Movie,Romance,Canada,Tamil,2024,2023-04-05,PG-13,87,,7.4,13005,35.47
N00260,RRR 260,Movie,Action,France,Japanese,2000,2022-09-28,TV-MA,167,,6.4,22499,103.65
N00261,The Crown 261,Movie,Action,United States,Tamil,2022,2020-06-28,R,178,,7.1,51631,17.43
N00262,Bridgerton,Movie,Horror,United Kingdom,Tamil,2020,2024-05-15,PG-13,174,,7.7,100909,16.23
N00263,Roma 263,TV Show,Romance,France,French,2020,2025-10-17,TV-G,37,7.0,6.2,11338,19.23
N00264,Kantara,Movie,Drama,United Kingdom,Hindi,2005,2020-05-20,PG-13,78,,6.1,101677,126.3
N00265,All Quiet on the Western Front,Movie,Documentary,Japan,Japanese,2012,2024-08-05,PG-13,116,,7.0,35854,223.49
N00266,Bridgerton 266,Movie,Animation,France,German,2014,2022-06-14,PG,144,,7.7,30588,18.17
N00267,Manifest,Movie,Drama,Spain,Korean,2000,2020-09-12,R,76,,7.7,15059,129.84
N00268,The Irishman 268,Movie,Crime,France,Korean,2017,2024-10-26,PG,103,,5.4,4765,128.99
N00269,RRR 269,Movie,Horror,South Korea,Korean,2023,2022-01-05,TV-MA,109,,5.5,11136,55.39
N00270,Ozark 270,TV Show,Action,India,French,2000,2023-05-26,TV-G,25,3.0,7.9,16460,26.94
N00271,The Queen's Gambit,TV Show,Drama,Canada,Tamil,2014,2020-02-25,R,31,4.0,8.3,10384,20.01
N00272,Sex Education 272,Movie,Thriller,United States,French,2014,2021-11-24,TV-MA,101,,7.7,2857,3.72
N00273,The Night Agent 273,TV Show,Horror,India,Hindi,2017,2023-04-01,TV-MA,40,1.0,7.0,67319,4.91
N00274,Wednesday 274,Movie,Sci-Fi,Australia,French,2022,2025-03-23,TV-14,172,,8.3,9983,48.53
N00275,The Queen's Gambit,Movie,Romance,Spain,English,2007,2023-12-15,PG,120,,7.4,78739,5.5
N00276,Drishyam,Movie,Thriller,Australia,Spanish,2015,2020-09-05,TV-G,151,,5.5,10428,51.94
N00277,Cobra Kai,Movie,Horror,Canada,French,2008,2025-02-22,G,121,,5.5,28117,168.61
N00278,Dark 278,Movie,Sci-Fi,Spain,English,2021,2021-03-28,TV-MA,87,,7.4,10385,23.85
N00279,Dark 279,Movie,Thriller,India,English,2015,2021-11-16,TV-14,81,,8.3,17485,50.36
N00280,The Night Agent 280,Movie,Drama,Canada,English,2020,2025-02-27,PG,165,,7.3,171699,23.84
N00281,Drishyam 281,Movie,Horror,India,Tamil,2006,2025-02-25,TV-PG,97,,7.5,20325,56.03
N00282,Roma 282,Movie,Crime,India,French,2022,2022-09-11,TV-PG,95,,7.4,12063,23.22
N00283,Enola Holmes 283,Movie,Crime,Canada,English,2020,2025-01-10,TV-MA,132,,6.1,2419,79.85
N00284,Squid Game,Movie,Drama,South Korea,Hindi,2009,2020-08-12,PG-13,148,,6.3,5441,130.47
N00285,Andhadhun 285,Movie,Animation,Japan,Hindi,2011,2024-11-10,TV-MA,97,,7.2,7034,190.96
N00286,Stranger Things,TV Show,Crime,India,Tamil,2018,2020-05-17,TV-MA,27,4.0,8.6,1775,5.96
N00287,Enola Holmes 287,Movie,Action,Canada,Spanish,2018,2021-06-03,TV-G,103,,6.4,18376,41.66
N00288,Drishyam 288,Movie,Horror,France,Korean,2001,2023-07-21,R,172,,7.0,12347,20.66
N00289,Red Notice 289,Movie,Horror,Japan,Korean,2023,2022-06-20,TV-MA,127,,7.0,17367,34.71
N00290,Bridgerton 290,TV Show,Romance,Australia,Hindi,2005,2025-01-08,PG-13,63,6.0,7.7,41536,77.43
N00291,Squid Game 291,TV Show,Drama,Canada,English,2009,2023-10-22,TV-MA,33,5.0,6.8,24323,10.17
N00292,Bird Box 292,Movie,Documentary,Japan,Hindi,2001,2020-05-28,G,109,,6.6,119777,7.54
N00293,Kantara 293,Movie,Horror,India,Japanese,2012,2022-08-13,PG-13,80,,7.9,33192,43.04
N00294,The Queen's Gambit 294,Movie,Romance,Canada,Tamil,2021,2020-09-09,R,178,,6.4,37177,155.24
N00295,Sex Education 295,Movie,Action,India,French,2012,2023-09-05,R,148,,6.9,424447,51.89
N00296,Squid Game 296,Movie,Horror,Japan,Spanish,2018,2022-02-18,TV-14,92,,5.9,75751,62.74
N00297,Black Mirror 297,Movie,Drama,Canada,Spanish,2004,2020-10-20,PG,174,,7.7,19646,83.39
N00298,Darlings 298,Movie,Thriller,Australia,French,2019,2021-07-16,TV-G,136,,6.4,4963,13.82
N00299,Roma,Movie,Thriller,United States,German,2006,2025-06-28,TV-G,97,,5.0,5087,15.79
N00300,Roma 300,TV Show,Crime,United States,German,2013,2020-04-17,G,56,1.0,8.3,90408,55.9
N00301,Manifest 301,TV Show,Horror,France,English,2001,2025-09-05,TV-G,38,8.0,5.7,7673,23.3
N00302,Bridgerton,TV Show,Comedy,Spain,Japanese,2014,2022-12-21,PG-13,57,4.0,6.9,7888,27.04
N00303,Squid Game 303,TV Show,Comedy,India,Spanish,2003,2021-03-25,TV-MA,30,6.0,6.7,35002,32.8
N00304,Stranger Things,Movie,Sci-Fi,South Korea,German,2009,2023-08-18,TV-MA,154,,5.8,35692,13.56
N00305,Drishyam 305,Movie,Thriller,Japan,Korean,2015,2020-03-05,TV-MA,145,,6.1,22191,37.61
N00306,Manifest 306,Movie,Action,United States,Spanish,2001,2023-12-19,TV-PG,97,,6.5,205640,7.95
N00307,The Night Agent 307,TV Show,Documentary,Canada,French,2002,2024-07-17,R,28,2.0,6.4,6067,33.87
N00308,Manifest,Movie,Drama,India,Tamil,2019,2024-06-09,TV-PG,175,,7.6,28641,79.25
N00309,All Quiet on the Western Front 309,TV Show,Animation,Germany,Hindi,2019,2025-04-26,G,32,1.0,5.7,26422,57.06
N00310,Sex Education,Movie,Romance,Spain,Japanese,2010,2024-09-11,TV-MA,107,,6.8,57904,65.25
N00311,All Quiet on the Western Front 311,Movie,Romance,France,French,2010,2023-07-24,TV-MA,136,,6.8,16235,126.36
N00312,The Night Agent,TV Show,Animation,Canada,English,2009,2022-07-21,PG-13,42,2.0,5.8,30059,36.55
N00313,Cobra Kai 313,Movie,Action,Australia,French,2012,2023-05-07,PG,86,,8.2,1881,49.11
N00314,Extraction 314,Movie,Drama,Japan,German,2011,2025-09-10,TV-PG,139,,8.1,116553,6.2
N00315,Bridgerton 315,Movie,Horror,United Kingdom,French,2003,2023-01-04,PG,80,,7.1,5216,11.51
N00316,The Night Agent 316,Movie,Documentary,Japan,Spanish,2024,2021-05-04,TV-MA,131,,7.2,17367,17.07
N00317,Extraction 317,TV Show,Horror,India,German,2017,2020-03-01,TV-G,35,3.0,7.2,17727,48.87
N00318,Sex Education 318,TV Show,Comedy,France,French,2001,2021-12-25,TV-14,57,8.0,7.8,5797,7.66
N00319,Elite 319,TV Show,Sci-Fi,Australia,Spanish,2024,2024-05-12,G,65,8.0,8.1,127666,23.54
N00320,Manifest,Movie,Romance,Canada,French,2021,2024-10-05,TV-14,134,,8.2,24463,28.07
N00321,Darlings 321,Movie,Comedy,Canada,Tamil,2022,2020-06-07,G,106,,6.7,13039,36.74
N00322,All Quiet on the Western Front 322,TV Show,Animation,Canada,French,2013,2024-02-27,TV-G,65,8.0,6.9,30182,40.55
N00323,Black Mirror 323,Movie,Comedy,Australia,English,2012,2021-11-05,TV-G,86,,8.3,63697,29.11
N00324,Sex Education,Movie,Animation,Australia,Tamil,2012,2025-06-03,TV-MA,176,,8.0,23594,75.54
N00325,12th Fail 325,Movie,Crime,United Kingdom,Korean,2016,2025-03-16,PG-13,126,,7.2,19366,63.14
N00326,Black Mirror,Movie,Romance,France,Hindi,2012,2021-11-26,G,130,,6.7,39638,62.79
N00327,Cobra Kai 327,TV Show,Animation,France,Japanese,2025,2023-09-19,TV-PG,47,1.0,6.3,11708,23.21
N00328,Kantara,Movie,Animation,Germany,Japanese,2001,2023-09-03,TV-14,93,,6.3,42437,27.05
N00329,Andhadhun,Movie,Comedy,Spain,French,2020,2023-06-26,PG,140,,7.2,7015,73.67
N00330,Manifest 330,Movie,Animation,South Korea,English,2001,2022-08-03,PG-13,96,,6.3,75081,7.18
N00331,Lucifer 331,Movie,Documentary,South Korea,Japanese,2025,2025-04-16,PG-13,132,,7.5,10630,36.07
N00332,Red Notice 332,TV Show,Romance,India,English,2001,2025-05-25,TV-14,60,3.0,7.5,62908,16.6
N00333,Kantara 333,Movie,Crime,Germany,Tamil,2014,2020-05-26,TV-G,135,,6.5,78064,14.87
N00334,The Night Agent,Movie,Horror,United States,French,2010,2022-05-26,TV-14,153,,8.4,4940,5.99
N00335,The Adam Project,Movie,Crime,Germany,English,2018,2025-01-27,TV-14,163,,7.2,82783,13.6
N00336,Bridgerton 336,Movie,Horror,India,English,2003,2024-11-27,R,79,,5.5,47303,50.23
N00337,The Queen's Gambit 337,TV Show,Comedy,India,Japanese,2020,2023-11-03,TV-G,31,2.0,8.0,9544,108.78
N00338,The Queen's Gambit,TV Show,Crime,Canada,Japanese,2008,2021-08-03,TV-G,44,6.0,7.6,3031,19.94
N00339,Squid Game,TV Show,Animation,France,English,2006,2020-11-13,PG,48,1.0,7.5,5666,35.28
N00340,12th Fail,Movie,Crime,Australia,Korean,2010,2020-07-23,TV-G,178,,7.9,74941,16.35
N00341,Drishyam 341,Movie,Romance,Canada,English,2017,2023-11-07,PG,157,,6.6,4744,22.27
N00342,Cobra Kai 342,Movie,Romance,Germany,German,2003,2023-02-26,PG,99,,6.2,2891,47.91
N00343,Elite,Movie,Sci-Fi,United States,Hindi,2025,2020-12-05,TV-G,94,,7.3,49485,340.19
N00344,The Witcher 344,Movie,Animation,United States,Hindi,2015,2023-10-26,R,150,,7.1,6339,5.07
N00345,Dark 345,Movie,Crime,Canada,Hindi,2006,2022-03-25,G,150,,8.0,45289,252.82
N00346,RRR 346,Movie,Horror,United Kingdom,Hindi,2011,2020-01-06,TV-14,174,,4.6,5280,139.44
N00347,Lucifer 347,TV Show,Documentary,France,English,2018,2024-03-23,TV-G,48,7.0,6.4,25483,12.94
N00348,The Night Agent 348,Movie,Documentary,Canada,English,2002,2021-02-26,PG-13,155,,5.5,18727,30.7
N00349,All Quiet on the Western Front,Movie,Sci-Fi,United Kingdom,English,2015,2020-12-02,PG-13,153,,8.1,6742,15.4
N00350,Elite,Movie,Sci-Fi,Spain,Hindi,2000,2022-04-04,R,161,,8.7,78624,20.64
N00351,All Quiet on the Western Front 351,TV Show,Crime,Japan,Korean,2006,2025-06-09,R,31,7.0,8.1,5661,8.61
N00352,Manifest 352,Movie,Animation,United States,Spanish,2001,2025-10-06,R,172,,7.5,16532,27.07
N00353,Elite 353,Movie,Sci-Fi,Japan,Spanish,2016,2024-01-14,TV-MA,116,,5.6,5357,51.31
N00354,Cobra Kai 354,Movie,Horror,United States,Hindi,2015,2024-01-23,G,87,,6.1,21120,172.7
N00355,Enola Holmes,TV Show,Romance,South Korea,Spanish,2004,2022-11-15,TV-MA,49,8.0,7.2,7832,40.05
N00356,Bridgerton,TV Show,Crime,Canada,French,2002,2025-01-17,TV-PG,59,4.0,9.5,29340,126.07
N00357,Cobra Kai,TV Show,Crime,Canada,Hindi,2003,2025-08-24,R,33,3.0,6.7,12721,66.7
N00358,RRR 358,TV Show,Thriller,Canada,Hindi,2024,2023-12-18,PG,24,6.0,7.1,18094,45.96
N00359,The Crown 359,Movie,Comedy,Japan,Japanese,2011,2023-11-18,PG-13,101,,7.8,9280,58.63
N00360,Glass Onion 360,Movie,Sci-Fi,United States,French,2013,2025-11-26,TV-PG,141,,6.4,17345,68.78
N00361,Squid Game,Movie,Horror,Spain,French,2021,2022-08-06,PG-13,173,,6.3,11213,11.9
N00362,The Adam Project 362,TV Show,Action,United Kingdom,Spanish,2009,2023-05-12,PG-13,35,2.0,7.3,237905,41.98
N00363,RRR 363,Movie,Drama,Canada,Spanish,2022,2023-06-05,TV-MA,78,,7.5,500,32.0
N00364,Darlings 364,TV Show,Horror,Canada,English,2017,2021-11-18,TV-14,48,6.0,6.9,40634,125.02
N00365,Roma 365,Movie,Animation,Japan,Hindi,2012,2024-07-07,TV-G,77,,6.6,33243,84.36
N00366,Sex Education 366,Movie,Horror,United States,German,2019,2024-02-07,TV-G,111,,7.1,94956,20.98
N00367,Kantara,TV Show,Sci-Fi,South Korea,French,2013,2020-10-25,G,39,8.0,7.7,9612,36.46
N00368,The Gray Man 368,Movie,Documentary,France,Japanese,2013,2024-08-02,PG,100,,8.2,8164,117.76
N00369,Manifest 369,TV Show,Sci-Fi,Spain,Tamil,2009,2021-08-23,R,60,8.0,7.0,53057,11.55
N00370,Narcos 370,Movie,Documentary,Germany,French,2024,2024-12-19,TV-MA,155,,6.4,85513,70.42
N00371,Manifest 371,TV Show,Animation,United States,Hindi,2005,2024-04-25,PG-13,60,6.0,7.6,48697,9.02
N00372,Red Notice 372,TV Show,Action,Spain,Spanish,2019,2020-03-17,PG,43,2.0,7.8,16126,8.18
N00373,Drishyam,Movie,Crime,Canada,Hindi,2015,2023-08-03,TV-14,142,,7.5,8771,41.44
N00374,The Crown 374,TV Show,Sci-Fi,Canada,Hindi,2000,2021-03-28,PG-13,41,3.0,6.7,15015,60.86
N00375,Money Heist,Movie,Action,Japan,Hindi,2009,2022-11-01,TV-14,90,,7.2,153751,30.71
N00376,Jawan 376,TV Show,Thriller,Australia,Korean,2019,2024-10-03,TV-14,37,6.0,7.3,71029,22.64
N00377,Lucifer 377,TV Show,Drama,Spain,German,2024,2025-02-06,TV-PG,52,8.0,7.1,430340,12.48
N00378,RRR 378,TV Show,Thriller,Spain,Hindi,2013,2023-05-15,PG,55,1.0,7.6,14678,137.53
N00379,RRR,Movie,Thriller,Spain,Hindi,2014,2023-08-17,TV-14,76,,4.8,9973,98.57
N00380,Enola Holmes 380,Movie,Crime,Australia,Hindi,2012,2021-07-24,TV-G,100,,8.4,68277,22.38
N00381,Jawan,Movie,Animation,Australia,Japanese,2022,2021-08-04,TV-14,126,,6.8,43179,26.99
N00382,The Witcher 382,Movie,Thriller,United Kingdom,Hindi,2015,2025-09-25,TV-G,113,,8.6,98565,39.12
N00383,Narcos,TV Show,Documentary,Germany,Tamil,2006,2023-06-28,G,22,7.0,6.3,2985,161.84
N00384,Sex Education 384,Movie,Drama,United Kingdom,Tamil,2001,2023-02-19,TV-G,137,,7.0,59909,9.49
N00385,The Adam Project,Movie,Horror,Australia,English,2021,2020-10-02,PG-13,173,,5.9,8591,15.67
N00386,Cobra Kai 386,TV Show,Animation,United States,Korean,2011,2021-11-10,TV-14,42,7.0,7.2,108634,20.94
N00387,Darlings 387,TV Show,Documentary,India,English,2002,2022-07-19,G,46,5.0,6.9,14237,126.87
N00388,Sex Education 388,Movie,Sci-Fi,India,French,2003,2023-04-16,TV-14,160,,7.2,43225,29.09
N00389,Andhadhun 389,TV Show,Thriller,South Korea,German,2017,2023-04-12,TV-14,57,6.0,6.9,56517,72.63
N00390,Drishyam 390,Movie,Horror,South Korea,Spanish,2009,2020-11-23,PG-13,154,,7.8,20176,12.67
N00391,The Umbrella Academy 391,Movie,Sci-Fi,South Korea,French,2006,2023-03-08,PG-13,155,,8.0,71519,23.06
N00392,You,TV Show,Documentary,France,Japanese,2024,2025-10-08,G,46,5.0,6.6,7583,205.76
N00393,The Night Agent 393,Movie,Thriller,United States,Spanish,2004,2020-05-26,PG,79,,7.0,22910,21.97
N00394,Bridgerton,Movie,Drama,Germany,Tamil,2005,2025-03-08,TV-14,127,,8.7,84132,20.7
N00395,The Adam Project 395,Movie,Comedy,Spain,French,2016,2024-12-13,R,151,,6.4,84397,29.76
N00396,The Irishman 396,TV Show,Action,India,German,2006,2025-04-09,PG-13,43,2.0,6.0,22922,40.5
N00397,The Gray Man 397,Movie,Romance,South Korea,Japanese,2022,2025-12-12,TV-14,105,,9.3,100393,141.02
N00398,Glass Onion 398,Movie,Sci-Fi,France,English,2007,2022-02-27,TV-G,131,,7.3,55311,62.44
N00399,Drishyam,Movie,Romance,France,French,2013,2023-12-01,TV-MA,152,,8.2,224713,30.47
N00400,Black Mirror,Movie,Sci-Fi,United Kingdom,Tamil,2005,2022-08-16,PG-13,166,,5.8,10890,12.31
N00401,Elite,Movie,Animation,Canada,Hindi,2021,2023-04-09,PG-13,77,,7.2,21890,70.12
N00402,RRR,Movie,Crime,Australia,Hindi,2019,2021-12-07,R,133,,6.4,16003,7.46
N00403,The Crown,TV Show,Documentary,South Korea,Japanese,2025,2022-04-20,TV-G,31,7.0,7.0,22678,48.41
N00404,The Queen's Gambit,TV Show,Animation,Germany,Hindi,2011,2020-09-02,TV-MA,44,7.0,6.1,5774,23.97
N00405,Drishyam 405,Movie,Sci-Fi,Canada,English,2007,2024-03-09,PG-13,122,,9.1,7496,17.12
N00406,The Irishman,Movie,Sci-Fi,United Kingdom,Japanese,2010,2022-10-27,PG,110,,7.0,22495,28.48
N00407,Squid Game 407,Movie,Action,Canada,English,2013,2021-03-02,TV-G,131,,6.9,198447,220.63
N00408,Narcos,Movie,Sci-Fi,France,French,2022,2020-04-28,PG,167,,6.0,26423,27.61
N00409,Narcos 409,Movie,Horror,South Korea,Tamil,2005,2022-10-04,TV-PG,111,,5.8,9918,10.63
N00410,Andhadhun,Movie,Sci-Fi,Germany,Spanish,2002,2021-01-26,PG,168,,6.5,3557,94.24
N00411,Sex Education 411,Movie,Comedy,Spain,German,2001,2023-12-26,PG,158,,7.8,21104,6.75
N00412,The Irishman 412,TV Show,Action,Canada,Hindi,2019,2023-06-20,PG-13,44,8.0,6.7,188028,31.27
N00413,The Irishman 413,Movie,Comedy,United States,Hindi,2013,2023-05-05,PG-13,85,,4.6,72243,34.21
N00414,The Irishman 414,Movie,Thriller,Spain,Tamil,2009,2020-08-22,PG,140,,6.8,19332,86.3
N00415,All Quiet on the Western Front 415,Movie,Comedy,Spain,German,2018,2024-05-11,PG-13,115,,8.5,19101,18.43
N00416,Enola Holmes 416,Movie,Animation,South Korea,German,2002,2022-10-27,TV-PG,136,,7.2,28802,13.55
N00417,The Irishman 417,Movie,Crime,South Korea,Korean,2022,2020-05-25,TV-G,93,,7.4,43321,6.27
N00418,Manifest 418,Movie,Drama,India,Tamil,2013,2020-06-01,TV-14,149,,7.3,12367,21.14
N00419,RRR 419,Movie,Crime,France,Korean,2022,2025-01-17,TV-MA,137,,7.9,41119,14.87
N00420,The Crown 420,Movie,Horror,India,Spanish,2010,2022-12-07,TV-G,132,,5.8,7315,54.32
N00421,Bird Box 421,Movie,Horror,Japan,German,2007,2021-10-07,PG,161,,5.8,59798,21.7
N00422,Ozark 422,Movie,Sci-Fi,United Kingdom,English,2002,2020-06-09,TV-PG,138,,6.3,12531,28.08
N00423,Money Heist,Movie,Horror,United States,Japanese,2005,2021-12-28,TV-14,118,,7.3,10048,36.86
N00424,Narcos 424,TV Show,Sci-Fi,India,Korean,2014,2022-03-24,PG,52,2.0,6.2,123952,6.29
N00425,Darlings,TV Show,Horror,Germany,French,2024,2022-09-06,TV-14,20,4.0,7.0,41611,25.06
N00426,The Irishman 426,Movie,Crime,Canada,Tamil,2022,2023-08-28,TV-PG,175,,6.6,37738,75.45
N00427,Money Heist 427,TV Show,Action,United States,Spanish,2014,2024-01-21,PG,47,1.0,6.8,7455,14.28
N00428,Squid Game 428,Movie,Horror,South Korea,Tamil,2021,2023-11-07,TV-G,142,,5.9,50862,6.39
N00429,Drishyam 429,Movie,Crime,Japan,Japanese,2025,2024-06-25,PG-13,102,,7.3,30365,32.35
N00430,Wednesday 430,Movie,Horror,Australia,French,2025,2022-11-17,TV-PG,139,,6.7,1575,16.73
N00431,Sex Education 431,Movie,Comedy,Germany,Japanese,2024,2025-12-19,PG-13,151,,6.6,91564,47.92
N00432,Glass Onion 432,TV Show,Thriller,India,Hindi,2016,2020-01-14,PG-13,26,3.0,8.4,11929,71.31
N00433,Roma 433,Movie,Comedy,Canada,German,2014,2025-07-27,PG-13,156,,6.6,45523,139.11
N00434,Money Heist 434,Movie,Sci-Fi,Germany,Spanish,2004,2024-06-04,G,102,,6.2,2265,60.74
N00435,Sex Education 435,Movie,Animation,South Korea,Japanese,2011,2021-03-27,TV-G,150,,7.5,12644,53.64
N00436,Darlings,Movie,Romance,India,Spanish,2017,2021-09-21,TV-G,118,,7.1,94348,39.99
N00437,Roma 437,TV Show,Sci-Fi,United Kingdom,Japanese,2021,2025-02-28,PG-13,45,6.0,7.5,156844,24.48
N00438,Jawan,TV Show,Documentary,Spain,English,2018,2020-11-18,PG-13,56,4.0,6.4,60128,40.29
N00439,The Crown 439,TV Show,Thriller,Japan,French,2008,2023-03-14,TV-MA,57,1.0,7.8,31935,32.61
N00440,You,TV Show,Crime,South Korea,English,2010,2024-06-06,TV-MA,29,5.0,5.5,30192,2.86
N00441,Cobra Kai,TV Show,Crime,India,German,2009,2024-09-13,TV-14,32,4.0,6.6,15439,56.8
N00442,The Witcher 442,Movie,Sci-Fi,Spain,Korean,2010,2024-11-26,PG-13,77,,7.8,18856,24.36
N00443,The Irishman 443,Movie,Sci-Fi,India,German,2013,2020-01-27,TV-G,106,,7.6,51571,32.57
N00444,Jawan 444,TV Show,Documentary,United Kingdom,Japanese,2019,2020-03-24,TV-14,42,4.0,6.1,24651,76.68
N00445,The Queen's Gambit,Movie,Comedy,United Kingdom,German,2012,2022-04-22,TV-PG,162,,6.5,69264,31.24
N00446,Enola Holmes 446,Movie,Animation,Canada,Hindi,2014,2025-11-03,TV-MA,164,,4.0,16817,49.64
N00447,Bird Box 447,TV Show,Sci-Fi,India,Korean,2021,2023-01-08,TV-MA,64,1.0,6.0,73588,2.75
N00448,Money Heist,TV Show,Romance,Japan,Japanese,2021,2023-12-23,R,34,8.0,8.3,3318,9.06
N00449,Lucifer 449,Movie,Crime,India,Hindi,2020,2024-03-24,TV-14,162,,7.8,26203,56.34
N00450,The Irishman 450,Movie,Thriller,Spain,English,2018,2022-07-28,G,133,,6.1,50126,55.42
N00451,Elite,Movie,Horror,Germany,Tamil,2021,2020-04-07,PG-13,148,,5.9,29540,22.67
N00452,Cobra Kai,Movie,Comedy,United States,Hindi,2002,2023-04-11,TV-MA,117,,7.0,21896,45.82
N00453,Dark 453,TV Show,Thriller,India,Spanish,2016,2020-08-02,PG,23,1.0,7.2,108088,34.75
N00454,Glass Onion 454,Movie,Comedy,India,Korean,2013,2024-11-20,TV-MA,87,,5.8,59564,16.97
N00455,The Umbrella Academy 455,Movie,Crime,Australia,Spanish,2014,2025-09-09,TV-PG,151,,6.4,23509,16.64
N00456,Sex Education,Movie,Animation,Germany,Spanish,2023,2021-08-10,TV-PG,158,,6.4,13114,40.36
N00457,The Umbrella Academy 457,Movie,Horror,Australia,Korean,2000,2020-06-07,TV-G,119,,6.7,1532,33.38
N00458,All Quiet on the Western Front 458,Movie,Animation,Canada,English,2014,2023-04-01,R,117,,6.6,133319,20.03
N00459,Stranger Things,Movie,Animation,Japan,French,2014,2020-02-12,TV-MA,98,,7.1,102303,50.31
N00460,The Umbrella Academy 460,Movie,Documentary,Germany,English,2004,2021-05-04,TV-MA,145,,8.5,6278,52.91
N00461,Dark,TV Show,Crime,India,Hindi,2004,2021-03-26,R,53,7.0,6.7,23457,23.01
N00462,The Night Agent 462,Movie,Romance,Canada,Spanish,2012,2024-10-16,R,116,,7.5,35677,40.01
N00463,Bird Box 463,TV Show,Sci-Fi,Australia,German,2025,2025-08-16,PG,49,3.0,8.0,108758,30.92
N00464,Bird Box 464,Movie,Animation,United States,Japanese,2020,2024-02-05,TV-14,123,,7.4,23778,12.94
N00465,The Night Agent 465,Movie,Romance,Japan,Tamil,2016,2020-03-15,R,177,,6.1,40797,27.27
N00466,The Witcher,Movie,Romance,India,Hindi,2002,2020-06-02,R,110,,6.5,11924,32.68
N00467,Stranger Things,Movie,Romance,South Korea,German,2021,2025-09-25,PG-13,149,,6.5,44314,22.7
N00468,The Adam Project,TV Show,Thriller,Japan,Korean,2007,2023-12-14,R,49,6.0,8.6,24242,226.81
N00469,Glass Onion 469,Movie,Drama,Canada,Tamil,2017,2025-07-25,PG,120,,8.2,6229,29.93
N00470,Enola Holmes 470,Movie,Animation,United States,Tamil,2000,2021-07-03,G,152,,8.4,102060,52.51
N00471,RRR 471,Movie,Romance,Australia,English,2003,2021-04-03,G,180,,8.2,16896,43.16
N00472,Black Mirror,Movie,Documentary,Spain,Tamil,2007,2023-12-03,G,95,,6.7,28117,85.41
N00473,Stranger Things 473,TV Show,Action,Japan,Spanish,2006,2023-02-27,G,32,8.0,6.4,39595,36.12
N00474,Sex Education 474,Movie,Horror,Canada,Tamil,2007,2024-03-14,R,133,,8.5,22354,53.07
N00475,12th Fail 475,Movie,Crime,Germany,Japanese,2019,2025-02-23,R,95,,6.0,41482,42.79
N00476,All Quiet on the Western Front 476,TV Show,Horror,India,Tamil,2013,2022-12-13,R,49,1.0,7.9,14397,12.7
N00477,Roma 477,Movie,Documentary,India,Spanish,2000,2023-05-27,PG-13,159,,6.9,50367,27.88
N00478,The Night Agent,Movie,Animation,India,Spanish,2000,2023-06-06,R,160,,6.5,13003,49.31
N00479,Roma 479,TV Show,Horror,Japan,English,2021,2024-01-02,G,26,7.0,6.7,46973,68.05
N00480,The Adam Project 480,TV Show,Romance,Japan,French,2007,2024-11-07,R,22,7.0,7.1,194046,83.1
N00481,Ozark 481,TV Show,Crime,India,Tamil,2012,2022-10-16,TV-14,59,6.0,7.0,13009,43.62
N00482,The Adam Project 482,TV Show,Animation,United Kingdom,German,2025,2020-06-01,TV-G,44,3.0,7.4,15668,13.25
N00483,Cobra Kai 483,Movie,Thriller,Spain,Hindi,2020,2020-03-12,TV-G,169,,4.7,6802,80.23
N00484,Money Heist 484,Movie,Crime,Japan,Tamil,2004,2025-05-25,TV-MA,92,,5.6,38862,13.64
N00485,The Gray Man 485,Movie,Romance,Canada,French,2023,2021-08-21,TV-MA,167,,7.1,295005,7.53
N00486,All Quiet on the Western Front 486,Movie,Comedy,Japan,Japanese,2015,2021-12-07,R,139,,8.1,6457,56.63
N00487,You 487,Movie,Thriller,South Korea,German,2019,2023-07-17,G,121,,6.8,38847,50.63
N00488,All Quiet on the Western Front 488,TV Show,Sci-Fi,United States,Japanese,2025,2023-05-13,TV-G,55,3.0,8.0,66333,14.29
N00489,Dark 489,Movie,Sci-Fi,Japan,Tamil,2004,2020-02-13,PG-13,137,,7.3,64486,108.59
N00490,The Irishman 490,Movie,Documentary,Canada,Korean,2013,2021-08-02,TV-PG,158,,7.5,27919,86.95
N00491,Bridgerton 491,Movie,Drama,United Kingdom,Korean,2021,2023-03-27,G,124,,6.9,43435,110.75
N00492,The Witcher,Movie,Horror,Spain,French,2009,2021-05-24,R,168,,8.0,44648,17.12
N00493,Black Mirror 493,TV Show,Documentary,United States,Korean,2012,2023-03-17,TV-14,30,3.0,8.7,60798,80.88
N00494,The Witcher,Movie,Action,Japan,Spanish,2006,2020-05-03,G,155,,6.9,53655,96.28
N00495,The Night Agent 495,Movie,Romance,United States,German,2002,2023-06-20,G,152,,6.1,39306,31.14
N00496,Stranger Things,Movie,Romance,Canada,German,2021,2025-07-24,PG-13,117,,6.5,45431,9.21
N00497,The Umbrella Academy 497,Movie,Horror,South Korea,English,2003,2025-06-01,TV-PG,140,,8.4,10881,348.69
N00498,Darlings,TV Show,Romance,Germany,Hindi,2025,2025-07-10,R,42,7.0,6.5,9703,219.57
N00499,You 499,TV Show,Animation,Spain,Hindi,2016,2020-07-23,TV-MA,54,4.0,8.0,14296,135.31
N00500,12th Fail 500,Movie,Crime,South Korea,German,2010,2020-12-11,R,90,,7.2,12796,20.15
N00501,Elite,TV Show,Animation,India,Japanese,2024,2020-05-03,TV-14,55,7.0,6.5,136619,16.99
N00502,Stranger Things 502,Movie,Animation,Japan,Japanese,2023,2020-10-18,R,123,,6.3,46443,6.38
N00503,Manifest 503,TV Show,Romance,Canada,Korean,2013,2023-11-15,PG-13,20,8.0,7.6,3003,35.67
N00504,Ozark 504,Movie,Drama,Australia,German,2004,2022-12-13,TV-MA,165,,5.0,13186,46.77
N00505,Drishyam,TV Show,Action,Japan,Tamil,2010,2022-07-22,TV-G,39,3.0,8.2,3455,282.94
N00506,Sex Education,TV Show,Crime,France,German,2024,2025-03-19,PG-13,57,1.0,5.3,64718,10.79
N00507,Squid Game 507,Movie,Documentary,United Kingdom,Tamil,2015,2023-11-27,PG-13,88,,7.4,4809,5.8
N00508,Bridgerton,TV Show,Romance,Germany,German,2003,2025-07-09,TV-G,31,7.0,8.6,40957,28.15
N00509,Lucifer,Movie,Comedy,India,Tamil,2003,2023-11-23,G,87,,7.9,76095,26.71
N00510,Dark 510,Movie,Comedy,Canada,Hindi,2004,2021-11-04,PG-13,178,,7.9,54970,36.87
N00511,Money Heist,TV Show,Action,United States,Hindi,2022,2020-09-10,TV-PG,55,5.0,5.5,11457,16.43
N00512,Jawan 512,TV Show,Crime,United States,Korean,2005,2025-02-22,TV-MA,40,6.0,6.5,11216,8.91
N00513,Dark 513,Movie,Action,South Korea,Japanese,2006,2022-07-21,PG-13,168,,7.4,5371,37.26
N00514,Bird Box 514,Movie,Documentary,France,Spanish,2002,2023-03-11,G,157,,6.5,5554,10.19
N00515,Squid Game,Movie,Thriller,India,Korean,2019,2022-01-04,G,117,,6.9,49605,21.73
N00516,Red Notice 516,TV Show,Crime,India,Japanese,2007,2024-05-20,TV-14,57,8.0,8.1,50837,43.16
N00517,The Queen's Gambit 517,TV Show,Romance,France,English,2005,2025-09-23,PG-13,45,8.0,7.7,141571,63.52
N00518,All Quiet on the Western Front 518,Movie,Crime,Australia,Spanish,2004,2023-06-26,TV-G,152,,8.5,43931,48.14
N00519,Dark 519,Movie,Crime,Spain,Korean,2008,2020-03-19,TV-MA,86,,8.7,65620,23.73
N00520,The Umbrella Academy 520,Movie,Horror,Germany,English,2009,2025-07-23,TV-PG,90,,6.3,26535,57.31
N00521,The Gray Man 521,Movie,Horror,Australia,Spanish,2023,2022-02-11,R,81,,7.9,9763,11.33
N00522,Sex Education 522,TV Show,Comedy,South Korea,English,2024,2023-10-28,TV-G,56,7.0,7.3,15354,4.58
N00523,Squid Game 523,Movie,Animation,Germany,Tamil,2000,2020-08-01,PG-13,85,,6.6,10308,7.8
N00524,Roma,TV Show,Thriller,Germany,Spanish,2008,2021-06-24,G,37,2.0,7.7,20037,25.78
N00525,The Night Agent,Movie,Thriller,India,Hindi,2022,2023-08-18,TV-G,100,,7.1,11938,67.98
N00526,The Witcher 526,TV Show,Action,Canada,English,2022,2021-03-12,TV-MA,44,3.0,7.2,256559,16.01
N00527,Narcos 527,TV Show,Drama,Canada,Japanese,2007,2025-04-22,G,52,3.0,5.9,16842,21.79
N00528,Black Mirror 528,Movie,Comedy,Spain,Tamil,2022,2020-05-07,PG-13,94,,7.5,35247,154.55
N00529,Sex Education 529,Movie,Thriller,India,Hindi,2019,2022-06-09,TV-PG,129,,7.6,31707,26.18
N00530,The Queen's Gambit 530,TV Show,Romance,United States,German,2007,2022-06-10,TV-14,58,2.0,6.3,42897,17.96
N00531,The Gray Man 531,Movie,Horror,United Kingdom,Hindi,2000,2020-03-21,TV-14,158,,6.3,7813,32.42
N00532,Squid Game 532,Movie,Thriller,Japan,English,2020,2021-04-14,PG,172,,8.3,4231,11.23
N00533,Black Mirror 533,TV Show,Horror,Canada,Japanese,2024,2020-10-02,R,21,3.0,7.8,6198,133.15
N00534,Stranger Things 534,TV Show,Sci-Fi,Spain,Spanish,2012,2024-04-19,TV-MA,45,5.0,6.4,1905,12.17
N00535,Squid Game 535,TV Show,Horror,Germany,Japanese,2025,2021-05-28,TV-MA,54,4.0,5.6,15533,12.91
N00536,Manifest 536,Movie,Thriller,Spain,French,2007,2020-11-27,TV-MA,92,,7.0,3117,73.34
N00537,The Queen's Gambit,TV Show,Documentary,United Kingdom,Korean,2007,2023-04-11,PG,64,7.0,7.0,282357,182.59
N00538,Lucifer 538,Movie,Crime,United Kingdom,German,2020,2021-03-07,TV-G,136,,7.2,18144,26.23
N00539,Enola Holmes 539,TV Show,Documentary,United States,Hindi,2005,2025-09-05,TV-MA,47,4.0,6.3,199498,16.03
N00540,Black Mirror 540,Movie,Crime,United States,German,2012,2024-08-27,PG-13,165,,8.7,69346,44.7
N00541,Glass Onion 541,Movie,Action,Japan,Spanish,2015,2020-04-01,R,112,,8.3,35839,55.77
N00542,Elite,Movie,Romance,South Korea,Hindi,2004,2022-06-03,TV-PG,96,,7.5,3774,55.92
N00543,Manifest 543,Movie,Drama,Australia,French,2002,2020-05-16,TV-PG,162,,7.6,18069,9.03
N00544,The Irishman 544,TV Show,Comedy,United States,Japanese,2025,2021-02-11,PG-13,50,2.0,7.8,51131,10.05
N00545,12th Fail 545,Movie,Romance,Canada,Korean,2012,2023-02-19,G,143,,6.0,36780,19.21
N00546,Manifest,Movie,Thriller,India,German,2024,2021-09-14,R,174,,7.0,407238,5.43
N00547,Dark 547,Movie,Drama,United Kingdom,German,2007,2024-03-01,PG-13,81,,8.0,1923,53.78
N00548,Sex Education 548,Movie,Thriller,India,German,2002,2023-12-11,TV-G,142,,7.9,13329,28.21
N00549,All Quiet on the Western Front 549,TV Show,Drama,South Korea,Japanese,2022,2024-09-10,R,45,7.0,7.2,54721,15.38
N00550,Enola Holmes 550,Movie,Documentary,India,Spanish,2005,2025-09-20,TV-14,154,,7.2,183812,13.25
N00551,Bird Box 551,TV Show,Sci-Fi,Canada,French,2014,2020-04-10,PG-13,37,2.0,6.5,20963,20.43
N00552,Andhadhun,Movie,Thriller,Australia,English,2002,2024-08-02,TV-MA,85,,6.2,12435,78.98
N00553,The Witcher 553,Movie,Drama,Canada,French,2009,2023-12-17,TV-14,91,,7.0,26919,22.39
N00554,All Quiet on the Western Front 554,Movie,Action,United States,Hindi,2024,2025-02-23,R,112,,4.7,35537,81.55
N00555,The Irishman 555,TV Show,Action,United Kingdom,English,2025,2025-11-13,R,38,6.0,8.1,32812,27.01
N00556,Bridgerton,Movie,Animation,India,German,2019,2020-08-11,PG-13,177,,7.0,216718,2.54
N00557,Black Mirror 557,TV Show,Comedy,South Korea,German,2005,2022-09-28,TV-PG,38,7.0,6.3,5957,29.03
N00558,The Witcher 558,Movie,Crime,Spain,Japanese,2021,2023-03-19,G,146,,6.6,12050,157.64
N00559,Enola Holmes,TV Show,Crime,Germany,Tamil,2007,2021-07-11,TV-14,31,2.0,6.6,23535,55.31
N00560,Andhadhun 560,Movie,Sci-Fi,Japan,English,2019,2024-07-02,TV-PG,156,,6.3,57638,9.83
N00561,Bridgerton 561,TV Show,Thriller,United States,Japanese,2015,2025-08-28,G,29,2.0,7.0,65129,17.88
N00562,Darlings,Movie,Documentary,United Kingdom,German,2021,2024-12-26,PG-13,119,,7.2,89703,50.39
N00563,All Quiet on the Western Front 563,TV Show,Romance,Australia,Spanish,2013,2023-06-04,G,40,1.0,6.9,107602,40.27
N00564,Glass Onion,Movie,Drama,Germany,Spanish,2023,2024-07-07,TV-PG,170,,7.1,56035,34.45
N00565,All Quiet on the Western Front 565,Movie,Animation,United States,Tamil,2006,2023-06-12,G,138,,6.4,15309,56.0
N00566,The Gray Man 566,Movie,Romance,India,Japanese,2024,2025-12-22,G,95,,7.6,127293,18.42
N00567,12th Fail,Movie,Animation,India,Hindi,2022,2025-08-17,TV-MA,138,,8.6,2890,42.05
N00568,Glass Onion,Movie,Thriller,Japan,Tamil,2013,2020-06-26,R,176,,7.0,90960,98.52
N00569,Bird Box 569,Movie,Documentary,South Korea,French,2008,2022-03-19,G,76,,7.8,21550,96.8
N00570,The Gray Man,Movie,Thriller,Australia,Spanish,2012,2023-06-17,PG-13,91,,5.6,141774,101.96
N00571,The Irishman 571,Movie,Action,Spain,English,2003,2025-10-05,TV-MA,86,,7.9,10984,12.64
N00572,Lucifer,Movie,Comedy,Australia,Korean,2017,2025-04-10,R,155,,7.8,10933,9.39
N00573,Squid Game 573,Movie,Crime,South Korea,Japanese,2007,2022-03-03,TV-14,151,,6.6,51484,8.52
N00574,The Adam Project 574,Movie,Thriller,France,German,2011,2021-03-10,TV-MA,128,,6.4,19314,39.37
N00575,Kantara 575,TV Show,Animation,Australia,Spanish,2021,2021-06-04,R,58,1.0,7.3,16734,18.55
N00576,All Quiet on the Western Front 576,Movie,Thriller,India,German,2004,2023-09-13,R,145,,6.6,11109,98.84
N00577,The Irishman,Movie,Documentary,France,Japanese,2006,2022-10-04,G,130,,8.3,33093,4.88
N00578,Kantara 578,Movie,Romance,Canada,French,2018,2023-01-04,PG-13,127,,8.0,10905,85.81
N00579,The Adam Project 579,TV Show,Action,Canada,Korean,2013,2024-02-13,PG,33,8.0,7.0,20007,93.75
N00580,The Irishman 580,Movie,Thriller,India,French,2016,2022-04-07,TV-MA,157,,7.6,41103,59.74
N00581,Andhadhun 581,TV Show,Drama,South Korea,English,2015,2023-05-05,G,38,1.0,6.6,10261,18.64
N00582,Enola Holmes,Movie,Horror,United States,Hindi,2017,2024-06-16,TV-MA,115,,7.2,18975,24.33
N00583,Black Mirror,Movie,Sci-Fi,Germany,Hindi,2022,2022-12-24,G,81,,8.4,8160,36.91
N00584,The Gray Man 584,Movie,Thriller,Canada,Japanese,2002,2025-03-05,TV-G,163,,5.1,103646,18.99
N00585,RRR 585,Movie,Action,Australia,Japanese,2010,2022-12-16,R,148,,8.8,19747,7.6
N00586,Dark 586,Movie,Documentary,India,German,2024,2020-04-01,R,101,,5.5,4613,8.56
N00587,The Witcher,Movie,Thriller,Germany,Spanish,2012,2021-06-13,TV-G,94,,7.5,39264,16.59
N00588,The Witcher 588,TV Show,Thriller,France,Hindi,2016,2021-01-15,PG-13,56,2.0,7.4,11470,13.05
N00589,Wednesday 589,Movie,Horror,Germany,German,2015,2022-06-04,TV-MA,130,,6.7,31373,13.21
N00590,The Witcher 590,Movie,Crime,Japan,English,2023,2025-04-04,R,138,,7.4,13624,42.22
N00591,The Night Agent,Movie,Animation,South Korea,German,2001,2021-03-26,R,180,,7.1,52106,23.68
N00592,Cobra Kai,Movie,Animation,South Korea,Spanish,2009,2022-11-03,PG-13,136,,8.1,44775,30.53
N00593,Cobra Kai 593,Movie,Action,United States,German,2014,2020-01-27,TV-MA,75,,6.5,66637,18.5
N00594,Roma,Movie,Thriller,Spain,German,2009,2025-06-18,PG,177,,6.2,27593,50.64
N00595,Squid Game 595,Movie,Romance,Germany,Tamil,2008,2021-11-05,TV-PG,168,,7.8,191503,3.62
N00596,Kantara,Movie,Animation,France,Spanish,2007,2022-11-12,TV-PG,132,,7.1,9091,224.6
N00597,Stranger Things 597,Movie,Documentary,South Korea,German,2013,2025-03-15,PG-13,119,,7.4,296924,52.0
N00598,Ozark 598,Movie,Animation,Spain,Japanese,2009,2024-02-02,TV-G,76,,8.1,42853,4.88
N00599,The Umbrella Academy 599,Movie,Romance,United States,Tamil,2013,2024-02-10,R,166,,7.5,29578,284.34
N00600,The Adam Project 600,Movie,Thriller,France,Spanish,2011,2025-04-09,PG-13,147,,7.2,9198,18.31
N00601,Kantara 601,Movie,Documentary,South Korea,German,2006,2025-06-17,TV-PG,130,,8.0,46976,5.39
N00602,Sex Education 602,Movie,Sci-Fi,France,Korean,2013,2024-09-12,PG-13,92,,7.6,145784,49.5
N00603,Andhadhun,Movie,Documentary,United States,German,2018,2025-06-28,TV-MA,87,,7.0,24760,44.07
N00604,Squid Game 604,Movie,Horror,United States,Japanese,2018,2025-05-24,TV-MA,92,,6.1,61211,500.0
N00605,Narcos 605,TV Show,Thriller,India,Japanese,2019,2023-08-06,R,21,8.0,7.5,128136,18.47
N00606,Cobra Kai 606,TV Show,Documentary,Australia,Spanish,2017,2024-12-23,R,60,1.0,7.2,342037,42.69
N00607,Squid Game,Movie,Documentary,India,English,2009,2022-08-04,G,128,,8.0,46324,43.81
N00608,Stranger Things 608,Movie,Drama,Australia,Spanish,2009,2022-09-28,R,167,,6.7,8168,22.43
N00609,Sex Education 609,Movie,Horror,France,Tamil,2022,2020-11-16,G,175,,6.4,3645,36.61
N00610,Red Notice 610,TV Show,Action,Australia,Tamil,2019,2020-01-01,PG-13,64,6.0,7.0,61965,43.29
N00611,The Queen's Gambit 611,Movie,Comedy,Germany,Hindi,2021,2020-12-03,TV-G,83,,7.9,262209,63.86
N00612,Manifest 612,TV Show,Drama,United Kingdom,Korean,2019,2021-12-06,G,36,8.0,6.6,8340,35.1
N00613,Kantara 613,TV Show,Thriller,India,German,2025,2021-04-19,TV-G,54,2.0,5.9,40854,19.95
N00614,Sex Education,Movie,Animation,Spain,Hindi,2011,2020-08-08,TV-MA,91,,6.4,19497,132.83
N00615,Dark,Movie,Drama,Japan,Korean,2010,2024-10-17,PG,95,,7.3,77810,4.43
N00616,Wednesday 616,Movie,Horror,India,Spanish,2001,2021-09-27,TV-PG,100,,6.3,358266,7.49
N00617,Darlings,TV Show,Drama,Japan,Spanish,2021,2022-12-02,TV-14,46,2.0,5.4,37161,22.54
N00618,The Gray Man 618,Movie,Thriller,Canada,English,2016,2024-08-02,G,143,,7.1,22159,360.8
N00619,Stranger Things 619,TV Show,Action,France,Korean,2022,2023-12-25,TV-MA,23,4.0,6.7,286554,20.35
N00620,Narcos 620,TV Show,Thriller,United States,Hindi,2000,2020-05-18,R,58,7.0,5.9,11382,16.12
N00621,12th Fail 621,Movie,Romance,Japan,Hindi,2023,2020-06-14,TV-G,109,,6.3,14984,69.23
N00622,Money Heist,Movie,Action,Spain,Korean,2006,2025-08-21,TV-G,179,,7.3,3429,13.59
N00623,The Irishman 623,TV Show,Sci-Fi,United States,English,2000,2025-05-02,TV-PG,34,4.0,6.8,21303,20.86
N00624,Wednesday,TV Show,Romance,South Korea,Hindi,2019,2024-07-24,PG,59,7.0,8.2,120131,58.54
N00625,The Night Agent,TV Show,Sci-Fi,France,Japanese,2017,2020-04-25,PG,35,3.0,6.0,28128,13.46
N00626,Narcos 626,Movie,Drama,Australia,Japanese,2012,2024-11-11,PG,173,,6.5,14632,8.73
N00627,Drishyam 627,TV Show,Sci-Fi,United States,French,2014,2020-08-06,PG,23,2.0,6.1,157669,63.77
N00628,Money Heist 628,TV Show,Documentary,Germany,Spanish,2008,2025-09-28,TV-G,23,4.0,7.4,3679,6.14
N00629,Money Heist 629,Movie,Horror,Japan,Korean,2001,2022-02-03,TV-G,120,,8.3,14183,256.58
N00630,Manifest 630,Movie,Thriller,Japan,Spanish,2002,2020-06-20,TV-PG,157,,7.5,15572,77.31
N00631,Ozark 631,Movie,Romance,Germany,French,2013,2024-12-25,TV-PG,150,,7.7,6221,19.65
N00632,Andhadhun 632,TV Show,Animation,United States,Tamil,2012,2024-12-04,TV-MA,24,4.0,6.7,38737,108.23
N00633,Elite,Movie,Horror,Spain,German,2021,2022-12-04,R,173,,6.3,68713,16.77
N00634,Glass Onion 634,Movie,Romance,India,Korean,2013,2024-03-18,R,152,,7.3,14902,233.19
N00635,The Umbrella Academy 635,TV Show,Animation,United Kingdom,Spanish,2013,2023-01-06,TV-14,29,8.0,5.7,18875,21.82
N00636,Dark 636,Movie,Horror,Germany,Spanish,2024,2024-09-13,G,163,,6.0,46557,7.35
N00637,Roma,Movie,Horror,Japan,Tamil,2012,2022-08-23,PG-13,132,,6.9,43077,56.54
N00638,The Night Agent 638,TV Show,Animation,Spain,Hindi,2023,2021-05-16,TV-PG,48,3.0,6.6,36058,45.29
N00639,Red Notice 639,Movie,Horror,Australia,Japanese,2016,2021-02-10,PG,153,,4.9,13523,25.4
N00640,Squid Game 640,Movie,Action,South Korea,Hindi,2007,2021-09-27,PG-13,104,,6.9,86684,36.74
N00641,Narcos,Movie,Horror,Spain,German,2001,2023-08-09,TV-14,112,,7.0,45435,37.05
N00642,Jawan 642,TV Show,Comedy,Canada,Hindi,2008,2025-12-11,TV-MA,30,6.0,6.9,279998,17.91
N00643,The Queen's Gambit 643,Movie,Horror,Canada,German,2022,2021-08-27,PG-13,103,,7.4,159758,10.45
N00644,RRR 644,TV Show,Action,Japan,Korean,2009,2025-03-02,G,33,1.0,8.1,36017,33.15
N00645,Enola Holmes,Movie,Crime,Australia,French,2019,2024-08-10,TV-14,137,,7.1,100309,208.05
N00646,Narcos,Movie,Documentary,France,French,2024,2025-07-23,PG-13,134,,7.8,106152,41.06
N00647,The Queen's Gambit 647,TV Show,Sci-Fi,Australia,English,2015,2022-08-24,R,45,8.0,6.4,11643,16.46
N00648,Extraction 648,Movie,Documentary,Germany,Spanish,2001,2024-09-01,TV-MA,155,,7.3,17743,14.58
N00649,Elite,TV Show,Romance,Canada,Japanese,2002,2021-06-11,G,30,7.0,7.1,50766,22.31
N00650,Cobra Kai 650,Movie,Thriller,United States,English,2023,2022-12-04,G,104,,5.9,18198,12.9
N00651,Enola Holmes,Movie,Documentary,India,Korean,2004,2024-05-26,TV-PG,87,,7.9,120758,72.45
N00652,The Irishman 652,Movie,Drama,South Korea,Hindi,2023,2021-07-18,PG,135,,7.5,15381,9.25
N00653,Andhadhun 653,Movie,Horror,Spain,English,2022,2023-04-15,TV-PG,88,,7.0,26644,18.51
N00654,RRR,Movie,Documentary,Canada,Korean,2003,2020-03-13,TV-G,101,,7.2,4027,5.89
N00655,Stranger Things 655,Movie,Thriller,United States,Japanese,2018,2025-04-25,TV-G,147,,7.1,15340,12.39
N00656,The Witcher 656,Movie,Thriller,Canada,Tamil,2010,2025-02-13,PG-13,168,,6.3,23216,43.0
N00657,Manifest 657,TV Show,Horror,India,Hindi,2005,2023-05-24,PG,55,7.0,7.5,22463,82.61
N00658,Bird Box,Movie,Romance,Australia,Japanese,2019,2023-08-07,TV-PG,153,,7.8,37995,31.5
N00659,12th Fail 659,TV Show,Action,United Kingdom,German,2023,2022-02-02,TV-G,32,4.0,5.3,5131,98.4
N00660,Enola Holmes 660,Movie,Romance,Spain,Japanese,2002,2024-09-21,R,122,,6.7,85353,18.77
N00661,Darlings 661,Movie,Comedy,Japan,Korean,2004,2021-01-26,R,150,,6.9,56181,8.35
N00662,Narcos 662,TV Show,Animation,United Kingdom,Korean,2002,2024-07-13,G,50,6.0,7.7,7034,74.99
N00663,Drishyam,TV Show,Documentary,Spain,German,2011,2023-12-26,PG,37,3.0,6.9,35047,6.27
N00664,Lucifer 664,Movie,Crime,Canada,English,2017,2021-08-12,R,99,,7.3,15873,151.74
N00665,Money Heist 665,Movie,Romance,India,Japanese,2009,2022-11-02,TV-MA,157,,8.7,27053,9.94
N00666,Narcos 666,TV Show,Animation,Germany,English,2015,2023-11-23,TV-MA,28,2.0,5.9,25943,3.14
N00667,Enola Holmes,Movie,Documentary,Japan,Tamil,2017,2025-11-02,TV-14,76,,6.2,9833,54.67
N00668,Glass Onion 668,Movie,Horror,United Kingdom,Spanish,2024,2025-12-27,TV-MA,100,,5.8,44051,26.21
N00669,Bridgerton 669,Movie,Romance,India,Spanish,2017,2022-10-21,TV-MA,86,,6.4,65688,27.89
N00670,The Gray Man 670,TV Show,Drama,Japan,Japanese,2025,2021-05-05,TV-PG,32,3.0,8.0,44547,10.66
N00671,Kantara,Movie,Documentary,Japan,German,2006,2025-11-27,PG-13,119,,7.3,45704,28.76
N00672,Manifest 672,Movie,Crime,United Kingdom,Korean,2018,2022-12-17,PG,178,,7.7,29579,50.96
N00673,Bird Box 673,Movie,Thriller,South Korea,Tamil,2024,2025-10-02,TV-PG,134,,7.1,150764,46.0
N00674,All Quiet on the Western Front 674,TV Show,Romance,United States,Spanish,2020,2020-08-26,TV-G,31,6.0,7.7,7453,1.67
N00675,Elite,Movie,Crime,France,Hindi,2022,2023-07-25,PG,80,,6.3,81170,28.5
N00676,Andhadhun,TV Show,Animation,United States,Spanish,2012,2021-11-11,TV-MA,64,4.0,7.1,12147,12.83
N00677,Cobra Kai 677,TV Show,Action,Canada,Spanish,2009,2025-09-28,TV-PG,33,7.0,6.5,79323,11.68
N00678,The Witcher 678,Movie,Romance,India,Tamil,2005,2021-06-25,PG-13,165,,7.1,22383,166.22
N00679,Extraction 679,Movie,Documentary,France,English,2010,2024-10-25,G,105,,6.1,10773,67.01
N00680,Manifest 680,TV Show,Thriller,United Kingdom,Japanese,2020,2023-11-27,TV-G,44,3.0,6.4,26900,20.6
N00681,The Adam Project 681,Movie,Action,United Kingdom,Spanish,2013,2024-09-13,TV-G,178,,6.1,8652,46.95
N00682,Roma,Movie,Crime,France,French,2020,2023-12-11,TV-PG,152,,7.6,57990,9.66
N00683,Manifest 683,Movie,Crime,Spain,English,2005,2020-08-15,TV-PG,130,,7.1,10048,139.4
N00684,The Adam Project 684,Movie,Romance,South Korea,Japanese,2019,2025-01-20,TV-14,128,,5.2,17136,17.03
N00685,Kantara,Movie,Horror,France,German,2001,2020-02-11,TV-PG,180,,7.0,42656,46.01
N00686,The Crown 686,Movie,Comedy,France,Spanish,2019,2025-05-24,TV-14,113,,7.4,29459,13.93
N00687,Ozark 687,TV Show,Comedy,Japan,Tamil,2013,2022-12-23,PG-13,23,6.0,4.4,44125,155.72
N00688,The Night Agent 688,Movie,Drama,Australia,German,2021,2024-11-11,TV-14,159,,5.7,21074,2.99
N00689,Darlings 689,Movie,Romance,Japan,English,2000,2022-06-11,TV-PG,117,,7.7,301835,45.28
N00690,Drishyam 690,TV Show,Sci-Fi,Germany,French,2004,2020-04-24,TV-PG,22,2.0,7.3,4070,44.64
N00691,Manifest 691,Movie,Romance,Germany,German,2024,2021-07-18,PG-13,172,,6.9,36157,19.15
N00692,Ozark 692,Movie,Comedy,France,Tamil,2003,2024-05-11,TV-PG,127,,6.8,31885,58.65
N00693,Lucifer 693,Movie,Romance,Spain,Tamil,2021,2022-01-18,TV-PG,132,,6.1,109342,20.99
N00694,Black Mirror 694,TV Show,Action,India,Hindi,2020,2024-10-24,G,60,1.0,6.8,13857,119.06
N00695,Cobra Kai 695,TV Show,Animation,Japan,Spanish,2010,2023-12-07,TV-PG,30,8.0,7.6,68631,30.69
N00696,All Quiet on the Western Front,Movie,Drama,Japan,Hindi,2002,2024-06-28,PG-13,105,,8.1,35706,52.79
N00697,The Queen's Gambit 697,Movie,Comedy,United States,Hindi,2023,2025-10-21,TV-MA,175,,7.0,18311,27.57
N00698,The Irishman 698,Movie,Drama,South Korea,Hindi,2023,2020-03-28,PG,155,,5.6,42729,2.78
N00699,RRR 699,TV Show,Comedy,United Kingdom,Korean,2018,2022-06-10,TV-G,41,2.0,6.1,10580,28.77
N00700,You,Movie,Documentary,Australia,Japanese,2014,2023-12-15,PG,114,,8.0,6093,43.85
N00701,The Queen's Gambit 701,Movie,Action,United Kingdom,French,2025,2025-09-24,G,93,,5.6,14470,127.04
N00702,Kantara 702,Movie,Romance,United Kingdom,German,2005,2021-08-13,TV-MA,137,,5.9,37970,31.96
N00703,Andhadhun 703,Movie,Romance,Japan,English,2002,2025-09-08,R,120,,6.8,3751,123.7
N00704,Wednesday,Movie,Crime,India,German,2001,2024-09-08,R,85,,7.6,164460,108.45
N00705,Black Mirror,Movie,Action,Japan,Japanese,2023,2020-04-08,R,83,,7.2,14191,143.17
N00706,Ozark 706,Movie,Sci-Fi,Germany,German,2018,2022-10-01,G,87,,8.4,5353,24.77
N00707,Sex Education 707,TV Show,Sci-Fi,Japan,Japanese,2003,2024-04-11,PG,41,8.0,5.9,11776,10.32
N00708,Sex Education 708,Movie,Documentary,Germany,Hindi,2016,2023-06-21,PG-13,172,,6.3,130918,29.7
N00709,Enola Holmes 709,Movie,Thriller,Japan,Spanish,2003,2021-10-22,PG-13,116,,6.7,72783,6.59
N00710,Sex Education 710,Movie,Sci-Fi,Australia,French,2016,2025-06-27,TV-PG,113,,7.7,357353,21.45
N00711,The Umbrella Academy 711,Movie,Animation,France,Korean,2013,2025-12-09,PG,110,,7.0,16187,9.61
N00712,The Witcher,TV Show,Romance,France,Hindi,2000,2021-03-11,TV-G,33,8.0,6.9,63016,34.07
N00713,Manifest 713,TV Show,Sci-Fi,United States,Hindi,2018,2023-03-24,TV-14,54,6.0,7.2,32228,9.41
N00714,Andhadhun 714,Movie,Crime,United Kingdom,Japanese,2024,2024-09-27,PG,131,,6.1,162519,40.05
N00715,Extraction 715,Movie,Comedy,Canada,Korean,2004,2025-12-09,PG,104,,7.8,226114,14.57
N00716,Money Heist 716,Movie,Action,India,French,2000,2024-08-10,TV-PG,147,,6.8,43915,114.52
N00717,The Umbrella Academy,Movie,Comedy,Australia,Hindi,2023,2025-07-27,PG,148,,8.0,10844,35.02
N00718,Enola Holmes,Movie,Action,Canada,Japanese,2023,2020-10-27,G,130,,7.6,13778,188.22
N00719,Andhadhun,Movie,Romance,France,French,2007,2025-10-05,R,100,,8.0,55095,35.17
N00720,Elite,TV Show,Documentary,United Kingdom,Korean,2006,2021-05-06,G,24,6.0,8.4,4976,11.23
N00721,Jawan,TV Show,Thriller,Canada,Hindi,2007,2021-04-04,TV-G,27,2.0,8.8,23125,93.17
N00722,Glass Onion 722,TV Show,Romance,France,Tamil,2011,2020-06-12,PG,49,1.0,7.3,67773,18.68
N00723,Cobra Kai 723,TV Show,Documentary,Japan,Spanish,2013,2024-01-05,PG-13,37,6.0,7.4,42793,10.92
N00724,You 724,Movie,Drama,United States,Tamil,2015,2021-03-17,PG-13,154,,7.0,34207,53.63
N00725,The Crown 725,TV Show,Action,Canada,French,2025,2020-08-02,PG-13,36,6.0,7.3,7145,12.33
N00726,Dark 726,TV Show,Horror,France,Hindi,2001,2023-08-14,TV-G,42,4.0,6.7,173925,15.96
N00727,Darlings 727,Movie,Drama,South Korea,German,2019,2025-10-07,PG-13,160,,5.1,13247,147.2
N00728,Elite 728,Movie,Action,Japan,Japanese,2004,2021-12-22,PG,153,,7.3,91404,50.37
N00729,The Gray Man,Movie,Animation,Spain,English,2014,2021-03-01,PG-13,79,,4.3,15632,2.98
N00730,Andhadhun 730,Movie,Thriller,United Kingdom,Tamil,2025,2023-04-15,PG,99,,6.7,21892,23.77
N00731,The Witcher 731,Movie,Documentary,Spain,French,2003,2024-05-03,TV-PG,145,,7.7,76104,83.71
N00732,The Irishman 732,Movie,Horror,United Kingdom,Hindi,2000,2024-03-13,R,119,,6.6,56400,45.5
N00733,Bird Box,Movie,Thriller,United States,Korean,2021,2025-09-06,TV-PG,81,,7.5,33835,37.71
N00734,Enola Holmes 734,Movie,Action,Australia,Japanese,2021,2023-09-14,TV-G,100,,8.4,68078,116.23
N00735,Glass Onion 735,Movie,Documentary,United States,Spanish,2004,2021-08-27,PG-13,83,,8.3,40912,80.35
N00736,The Night Agent 736,TV Show,Thriller,France,Spanish,2025,2023-02-24,PG-13,42,2.0,7.6,132722,23.76
N00737,Narcos 737,Movie,Documentary,Canada,German,2004,2021-02-25,TV-PG,159,,7.4,17762,45.47
N00738,Elite,TV Show,Crime,South Korea,Hindi,2001,2020-12-20,TV-PG,64,8.0,7.0,6426,97.32
N00739,Extraction 739,Movie,Sci-Fi,France,Tamil,2021,2025-05-12,TV-14,107,,5.9,73194,50.95
N00740,RRR,Movie,Sci-Fi,Japan,Tamil,2022,2024-09-28,G,174,,7.6,33435,25.67
N00741,Roma 741,Movie,Animation,India,German,2003,2024-09-02,G,170,,6.6,60766,24.02
N00742,All Quiet on the Western Front,TV Show,Crime,United States,Japanese,2020,2022-11-12,TV-PG,38,7.0,6.8,13577,41.83
N00743,Red Notice,TV Show,Documentary,Germany,Spanish,2007,2023-02-11,TV-PG,55,6.0,7.2,78874,51.88
N00744,Lucifer 744,Movie,Thriller,Canada,Tamil,2023,2021-05-28,TV-G,115,,6.2,55355,86.14
N00745,Manifest 745,Movie,Sci-Fi,Canada,Spanish,2025,2023-10-23,TV-14,164,,7.1,18150,139.78
N00746,The Witcher,Movie,Animation,France,Japanese,2002,2024-10-03,TV-PG,92,,4.7,60683,19.6
N00747,Manifest 747,TV Show,Drama,Japan,Korean,2014,2020-10-16,TV-G,61,4.0,5.7,11127,17.04
N00748,Bird Box,Movie,Animation,Japan,Japanese,2017,2023-06-12,R,124,,6.6,8627,43.48
N00749,Darlings,Movie,Comedy,United Kingdom,French,2011,2020-10-08,TV-PG,175,,6.3,189753,34.81
N00750,Drishyam 750,TV Show,Horror,Japan,English,2020,2022-08-28,PG-13,30,1.0,8.5,22905,29.7
N00751,Ozark,Movie,Comedy,South Korea,German,2011,2022-09-23,PG,92,,5.0,129183,28.41
N00752,Wednesday,Movie,Horror,France,French,2018,2024-02-25,TV-14,75,,6.1,5857,47.17
N00753,Narcos,Movie,Crime,United Kingdom,French,2016,2020-02-13,G,158,,6.9,61727,15.3
N00754,Lucifer 754,TV Show,Sci-Fi,United Kingdom,Japanese,2012,2023-04-08,TV-PG,47,5.0,6.3,62227,20.21
N00755,The Gray Man 755,TV Show,Comedy,Canada,Japanese,2020,2020-10-19,TV-PG,20,1.0,6.6,3804,42.37
N00756,Lucifer,TV Show,Thriller,Australia,Spanish,2005,2023-01-20,TV-MA,43,3.0,7.1,26698,43.46
N00757,Extraction,TV Show,Comedy,South Korea,German,2025,2025-09-27,G,32,3.0,7.4,64922,15.9
N00758,Wednesday 758,TV Show,Horror,India,German,2003,2025-12-25,TV-14,32,7.0,6.8,16272,2.58
N00759,Manifest,TV Show,Romance,Spain,Tamil,2002,2023-07-13,TV-14,28,8.0,5.7,32077,42.2
N00760,Money Heist 760,Movie,Comedy,Canada,Korean,2015,2020-05-19,PG-13,164,,6.5,36665,227.43
N00761,Jawan,Movie,Drama,Spain,Spanish,2023,2024-06-22,TV-MA,162,,9.3,18952,43.27
N00762,Ozark,TV Show,Sci-Fi,United Kingdom,Hindi,2003,2022-01-08,TV-PG,20,1.0,7.4,9340,7.4
N00763,The Night Agent 763,TV Show,Thriller,Canada,Tamil,2012,2025-01-14,G,47,5.0,7.8,4955,39.71
N00764,Elite 764,Movie,Sci-Fi,South Korea,Hindi,2006,2025-02-04,PG-13,132,,6.5,45658,16.61
N00765,Narcos 765,TV Show,Comedy,United Kingdom,Tamil,2015,2021-02-18,TV-G,56,5.0,6.5,108113,17.86
N00766,Dark,Movie,Drama,Germany,Korean,2016,2023-10-12,TV-G,85,,6.9,25667,8.21
N00767,Wednesday 767,TV Show,Animation,United States,Tamil,2014,2023-03-10,TV-14,31,6.0,6.4,42788,68.25
N00768,Drishyam 768,Movie,Thriller,Canada,French,2020,2020-02-22,TV-14,146,,6.1,46889,11.88
N00769,Elite 769,Movie,Drama,Australia,English,2017,2024-09-03,TV-MA,147,,6.7,18659,8.7
N00770,The Queen's Gambit 770,Movie,Animation,France,French,2015,2025-08-16,PG-13,162,,5.6,8797,21.27
N00771,Sex Education 771,Movie,Thriller,United Kingdom,Spanish,2011,2020-08-14,R,169,,6.7,119822,18.25
N00772,Extraction 772,TV Show,Romance,Japan,French,2004,2025-07-05,R,48,7.0,8.4,121298,17.65
N00773,Bird Box,Movie,Thriller,Australia,Japanese,2022,2021-07-05,TV-G,172,,7.6,61373,137.03
N00774,Kantara 774,Movie,Sci-Fi,South Korea,Tamil,2020,2021-08-01,R,95,,8.7,93157,13.76
N00775,All Quiet on the Western Front 775,Movie,Action,South Korea,Korean,2021,2025-03-25,TV-G,94,,8.4,118251,57.2
N00776,Squid Game 776,Movie,Animation,Spain,Korean,2024,2022-02-12,TV-PG,120,,6.9,137533,72.3
N00777,Glass Onion 777,Movie,Sci-Fi,Canada,Spanish,2014,2024-09-21,TV-G,128,,6.8,4471,67.42
N00778,Darlings,Movie,Thriller,India,Tamil,2008,2023-03-25,TV-MA,92,,6.3,39294,20.35
N00779,Bird Box,Movie,Sci-Fi,Australia,Hindi,2011,2021-03-20,PG,118,,6.1,4172,46.95
N00780,Glass Onion 780,Movie,Comedy,Japan,Spanish,2004,2022-05-07,PG,177,,6.6,102798,4.95
N00781,All Quiet on the Western Front,TV Show,Sci-Fi,Canada,Hindi,2000,2022-09-02,PG-13,22,5.0,7.2,12794,25.67
N00782,Extraction 782,TV Show,Drama,Australia,French,2019,2024-07-14,TV-PG,22,5.0,6.8,5816,91.78
N00783,Narcos,Movie,Documentary,Spain,English,2011,2021-02-08,TV-14,115,,7.3,6036,136.34
N00784,All Quiet on the Western Front 784,Movie,Action,Australia,French,2002,2025-02-20,TV-14,94,,7.7,396167,157.59
N00785,The Adam Project 785,Movie,Thriller,India,Korean,2004,2023-04-23,TV-G,166,,7.6,6496,44.84
N00786,Lucifer 786,Movie,Sci-Fi,South Korea,Korean,2005,2022-03-18,R,139,,8.3,82388,90.97
N00787,The Queen's Gambit 787,Movie,Comedy,Japan,French,2022,2025-04-17,TV-MA,111,,7.3,51777,42.65
N00788,The Irishman 788,Movie,Documentary,South Korea,Hindi,2021,2025-12-15,TV-MA,168,,7.7,45998,9.55
N00789,Darlings 789,TV Show,Comedy,Canada,French,2021,2023-05-25,TV-G,36,6.0,5.3,11419,41.57
N00790,Enola Holmes 790,Movie,Thriller,Japan,German,2023,2023-08-05,PG-13,134,,5.9,32201,18.7
N00791,Lucifer 791,TV Show,Crime,United States,Korean,2012,2020-01-13,TV-G,47,3.0,8.1,4436,11.61
N00792,The Irishman,Movie,Thriller,United States,Tamil,2010,2021-08-22,TV-MA,152,,5.9,26734,18.71
N00793,Sex Education 793,Movie,Comedy,Canada,Spanish,2003,2022-11-10,G,137,,6.7,6187,29.59
N00794,The Adam Project 794,Movie,Action,Spain,Korean,2019,2022-11-16,PG,128,,5.8,5634,7.73
N00795,Darlings 795,Movie,Romance,Japan,English,2018,2022-09-04,G,106,,8.9,98601,81.88
N00796,The Night Agent,TV Show,Romance,India,Spanish,2019,2022-01-16,R,44,4.0,5.6,29951,45.55
N00797,The Umbrella Academy,Movie,Romance,Canada,Hindi,2000,2022-12-02,R,180,,7.5,10301,44.15
N00798,Glass Onion 798,Movie,Documentary,Japan,Hindi,2016,2022-08-25,PG-13,78,,6.1,72690,18.56
N00799,Black Mirror 799,Movie,Horror,United Kingdom,French,2012,2020-02-02,TV-PG,133,,5.7,9271,8.1
N00800,The Adam Project 800,Movie,Action,Canada,English,2011,2025-05-11,TV-MA,116,,6.2,76681,7.11
N00801,Glass Onion 801,TV Show,Action,Germany,French,2001,2020-08-13,TV-MA,43,6.0,7.3,6371,80.4
N00802,The Queen's Gambit,Movie,Crime,United Kingdom,Korean,2020,2021-01-21,TV-MA,172,,7.1,29858,16.49
N00803,Enola Holmes 803,Movie,Thriller,Germany,English,2022,2024-05-16,TV-MA,116,,7.6,14437,106.98
N00804,Bird Box 804,Movie,Crime,Spain,Spanish,2022,2023-04-05,TV-MA,85,,7.2,9268,29.3
N00805,Enola Holmes,TV Show,Animation,South Korea,Hindi,2023,2025-05-15,TV-MA,32,6.0,6.9,7096,53.85
N00806,Andhadhun 806,Movie,Horror,France,Japanese,2020,2025-11-07,PG,101,,7.9,13949,24.14
N00807,Enola Holmes 807,Movie,Thriller,Australia,Spanish,2001,2023-08-18,PG,116,,8.3,65892,104.96
N00808,Sex Education,TV Show,Thriller,India,German,2021,2023-12-19,PG-13,20,5.0,5.9,196067,146.81
N00809,Sex Education,Movie,Thriller,Japan,Spanish,2011,2022-08-26,R,79,,8.5,18987,43.6
N00810,The Night Agent 810,Movie,Drama,Germany,Japanese,2020,2020-12-19,TV-G,149,,6.7,13050,60.82
N00811,Money Heist 811,Movie,Action,Japan,Hindi,2022,2022-12-10,TV-G,76,,8.2,4249,78.63
N00812,RRR,Movie,Drama,South Korea,Korean,2008,2025-12-02,PG,146,,7.5,193524,63.96
N00813,Red Notice,Movie,Romance,Germany,Tamil,2019,2021-10-13,TV-PG,116,,7.5,2107,69.76
N00814,Bridgerton,Movie,Documentary,United Kingdom,Japanese,2011,2021-06-12,TV-G,121,,6.0,326528,29.35
N00815,12th Fail,Movie,Action,United States,English,2017,2024-02-19,TV-MA,89,,5.9,11492,10.94
N00816,Enola Holmes 816,Movie,Action,Japan,Tamil,2017,2021-10-12,G,177,,8.7,148771,29.15
N00817,Sex Education 817,Movie,Thriller,Germany,Korean,2003,2023-05-27,R,84,,7.8,156525,83.04
N00818,The Irishman,Movie,Thriller,United States,French,2003,2025-07-01,PG,132,,8.1,6937,41.76
N00819,Red Notice 819,Movie,Thriller,South Korea,English,2011,2022-12-16,G,79,,5.9,24090,6.39
N00820,Bridgerton,TV Show,Comedy,France,German,2024,2022-09-03,TV-14,22,8.0,7.5,71661,29.46
N00821,Ozark,Movie,Comedy,Germany,Tamil,2022,2020-01-22,PG-13,165,,6.4,39543,15.19
N00822,12th Fail,Movie,Drama,Spain,English,2021,2022-10-04,TV-G,124,,7.6,21586,24.32
N00823,Lucifer,Movie,Documentary,United Kingdom,Tamil,2014,2020-05-06,R,124,,8.2,16957,28.77
N00824,The Irishman,Movie,Animation,Germany,English,2021,2025-09-23,TV-PG,121,,7.3,10263,36.29
N00825,Black Mirror,Movie,Crime,Germany,Hindi,2003,2020-03-03,PG-13,139,,7.9,41241,51.31
N00826,Squid Game 826,Movie,Horror,Canada,Japanese,2014,2021-12-23,G,80,,7.2,33415,35.14
N00827,Ozark,Movie,Horror,United States,Korean,2001,2025-08-16,TV-G,106,,8.0,31899,63.83
N00828,Squid Game,Movie,Crime,Spain,Hindi,2005,2023-09-03,PG-13,91,,7.9,47756,55.17
N00829,Bird Box 829,Movie,Crime,Canada,Tamil,2024,2023-10-27,R,125,,8.6,12761,9.45
N00830,Kantara 830,TV Show,Sci-Fi,Australia,Japanese,2004,2023-02-14,TV-MA,60,3.0,6.4,164008,8.57
N00831,Sex Education 831,Movie,Comedy,United Kingdom,German,2017,2024-08-13,PG-13,152,,7.0,14607,5.69
N00832,Andhadhun,Movie,Sci-Fi,Canada,Korean,2002,2022-05-07,TV-PG,116,,6.7,31836,36.96
N00833,Bird Box 833,Movie,Documentary,South Korea,French,2013,2021-08-19,PG-13,163,,5.9,5492,360.97
N00834,Bird Box,Movie,Documentary,Japan,Korean,2023,2023-08-23,PG,157,,6.2,1696,59.97
N00835,RRR 835,TV Show,Horror,Canada,Hindi,2014,2023-07-13,TV-PG,23,7.0,7.7,33796,34.62
N00836,Andhadhun,Movie,Comedy,Canada,English,2005,2020-02-11,PG,80,,8.0,5083,61.74
N00837,Elite 837,Movie,Thriller,Japan,Spanish,2007,2023-04-18,TV-MA,145,,6.1,9617,59.69
N00838,Elite,TV Show,Animation,Australia,Japanese,2002,2020-01-08,PG,49,3.0,6.2,26108,64.11
N00839,The Night Agent 839,Movie,Crime,Germany,Korean,2019,2025-08-14,TV-PG,123,,7.1,17418,17.91
N00840,The Gray Man 840,Movie,Horror,Australia,Spanish,2015,2023-04-07,TV-PG,84,,7.4,18097,16.6
N00841,The Gray Man,Movie,Thriller,South Korea,French,2008,2022-07-01,TV-G,166,,7.7,62475,39.13
N00842,Kantara,Movie,Crime,India,Korean,2014,2020-07-12,TV-MA,103,,6.5,22256,18.37
N00843,Lucifer 843,TV Show,Action,India,Korean,2002,2023-05-06,TV-14,29,7.0,6.1,9534,18.29
N00844,You,Movie,Animation,United States,Korean,2002,2020-04-20,TV-14,135,,6.2,52074,53.58
N00845,Stranger Things 845,Movie,Documentary,United Kingdom,French,2003,2021-05-17,TV-MA,98,,5.5,31794,9.2
N00846,Andhadhun,Movie,Crime,United Kingdom,Japanese,2001,2023-04-15,PG-13,152,,6.7,7805,65.64
N00847,All Quiet on the Western Front,TV Show,Thriller,United Kingdom,French,2022,2024-10-23,G,45,7.0,6.0,6823,146.9
N00848,Narcos,TV Show,Crime,United Kingdom,Tamil,2016,2023-07-10,TV-PG,58,6.0,5.8,27239,57.94
N00849,Sex Education 849,Movie,Thriller,United States,Tamil,2015,2021-03-01,R,92,,7.3,66032,57.0
N00850,Squid Game 850,TV Show,Sci-Fi,France,Hindi,2008,2022-06-02,TV-PG,46,1.0,8.5,23762,101.72
N00851,Jawan 851,Movie,Crime,India,Spanish,2012,2020-02-05,PG,99,,6.3,28208,28.38
N00852,Manifest 852,Movie,Thriller,Spain,French,2016,2020-09-19,TV-14,119,,6.5,16976,14.36
N00853,Roma 853,TV Show,Sci-Fi,France,Japanese,2024,2021-03-25,R,29,7.0,7.0,205011,33.85
N00854,Dark 854,Movie,Documentary,France,Spanish,2012,2020-05-24,TV-G,101,,6.8,22032,22.41
N00855,The Queen's Gambit,TV Show,Sci-Fi,United Kingdom,French,2007,2025-11-11,PG-13,43,8.0,7.9,5805,179.12
N00856,Darlings 856,Movie,Animation,Spain,Japanese,2022,2022-09-10,TV-G,179,,6.5,172603,56.41
N00857,The Witcher,TV Show,Drama,Australia,French,2012,2023-12-13,G,35,8.0,6.4,10816,3.35
N00858,The Irishman 858,Movie,Comedy,Japan,Spanish,2009,2023-08-01,TV-PG,130,,8.7,7453,1.68
N00859,You 859,TV Show,Documentary,Japan,French,2003,2021-10-11,G,35,5.0,4.0,108906,12.67
N00860,Money Heist 860,TV Show,Comedy,India,Spanish,2003,2022-06-22,TV-PG,23,1.0,7.3,31476,134.48
N00861,Manifest 861,Movie,Drama,United Kingdom,Hindi,2002,2024-05-05,TV-14,137,,7.6,58986,11.83
N00862,Darlings 862,Movie,Action,Spain,German,2008,2022-09-10,PG,118,,6.5,3551,41.89
N00863,Narcos 863,Movie,Crime,Japan,Spanish,2012,2020-08-05,PG-13,79,,7.5,40760,23.96
N00864,Ozark,TV Show,Romance,Canada,German,2009,2025-01-12,PG-13,61,5.0,5.3,46902,26.41
N00865,The Adam Project,Movie,Comedy,United States,German,2011,2021-06-24,G,125,,8.7,14749,29.61
N00866,Black Mirror 866,Movie,Animation,United Kingdom,Korean,2024,2024-10-16,PG,93,,7.3,124760,4.34
N00867,Jawan,TV Show,Action,France,Korean,2023,2021-03-11,PG,26,8.0,7.1,17708,40.34
N00868,Drishyam 868,Movie,Animation,Australia,Japanese,2016,2024-08-02,PG,80,,7.0,76695,167.64
N00869,Money Heist 869,Movie,Animation,India,Korean,2013,2025-10-09,G,132,,5.2,35560,13.8
N00870,Wednesday 870,Movie,Thriller,United States,German,2016,2024-04-18,PG,175,,7.3,97485,166.01
N00871,The Queen's Gambit,TV Show,Crime,Spain,Spanish,2007,2025-05-22,PG,26,3.0,6.9,21868,12.95
N00872,Narcos,Movie,Thriller,United Kingdom,English,2013,2021-02-25,PG,84,,6.4,8401,74.47
N00873,Bridgerton 873,TV Show,Sci-Fi,Canada,French,2003,2021-07-26,R,37,2.0,8.1,75462,4.25
N00874,Red Notice,Movie,Drama,Australia,English,2008,2022-07-26,G,136,,8.1,11705,95.82
N00875,All Quiet on the Western Front 875,Movie,Crime,Japan,Tamil,2016,2022-11-12,R,174,,7.6,24858,378.48
N00876,Bridgerton,TV Show,Sci-Fi,Japan,Spanish,2001,2020-10-17,TV-14,20,6.0,8.1,5890,46.36
N00877,Money Heist 877,Movie,Sci-Fi,Spain,Hindi,2015,2020-05-22,PG-13,180,,8.4,11638,18.99
N00878,Sex Education 878,Movie,Action,South Korea,Tamil,2012,2020-01-10,TV-PG,84,,7.0,15724,6.32
N00879,Ozark 879,Movie,Action,Spain,Hindi,2002,2021-01-09,PG,90,,5.6,19935,16.33
N00880,Enola Holmes 880,TV Show,Horror,India,English,2017,2022-07-03,TV-PG,39,5.0,5.9,105111,46.01
N00881,Andhadhun 881,Movie,Action,India,Hindi,2001,2025-01-16,R,117,,8.8,21858,73.75
N00882,Cobra Kai 882,TV Show,Action,Spain,English,2004,2023-04-20,G,56,4.0,8.2,11259,361.83
N00883,The Queen's Gambit 883,Movie,Documentary,Canada,German,2016,2020-02-13,R,90,,8.6,17785,10.68
N00884,Cobra Kai 884,TV Show,Action,Australia,English,2022,2025-02-22,G,28,1.0,8.8,4751,4.13
N00885,Narcos 885,Movie,Documentary,India,French,2006,2022-07-13,PG,167,,5.8,334570,16.63
N00886,The Queen's Gambit 886,Movie,Action,Japan,English,2006,2023-08-06,TV-MA,110,,6.4,20554,12.64
N00887,Kantara,TV Show,Sci-Fi,Spain,Hindi,2001,2024-08-12,PG,20,8.0,6.8,64565,15.49
N00888,RRR 888,Movie,Thriller,South Korea,Tamil,2014,2021-09-17,PG-13,174,,7.9,11219,26.51
N00889,The Witcher 889,Movie,Romance,Spain,Korean,2023,2022-05-26,R,83,,7.0,117835,17.36
N00890,The Crown 890,TV Show,Horror,Australia,French,2021,2025-09-14,TV-PG,53,1.0,7.4,187716,209.1
N00891,Andhadhun 891,Movie,Action,India,French,2006,2020-07-16,R,126,,6.8,16518,18.38
N00892,The Witcher 892,TV Show,Drama,Canada,Spanish,2010,2021-07-28,TV-MA,47,1.0,5.6,8339,33.45
N00893,The Queen's Gambit 893,Movie,Horror,India,English,2013,2024-07-04,PG,122,,9.2,37808,16.28
N00894,Cobra Kai,Movie,Thriller,India,English,2014,2023-12-09,PG-13,155,,8.6,17828,88.09
N00895,The Irishman 895,Movie,Drama,Germany,French,2022,2022-08-18,PG-13,148,,7.3,20744,5.52
N00896,The Umbrella Academy,Movie,Animation,United States,Korean,2003,2021-03-10,TV-G,80,,6.4,40487,61.69
N00897,The Irishman,Movie,Thriller,Australia,Spanish,2014,2025-02-27,PG-13,113,,7.3,74752,184.93
N00898,You 898,Movie,Action,Canada,Japanese,2000,2025-09-23,TV-PG,130,,7.3,86431,8.57
N00899,The Crown 899,TV Show,Animation,Spain,Korean,2005,2023-05-13,TV-G,40,5.0,6.7,23827,84.85
N00900,Lucifer 900,TV Show,Comedy,United Kingdom,Korean,2018,2021-04-02,TV-14,61,3.0,6.5,75104,8.38
N00901,Elite,Movie,Comedy,Canada,Hindi,2017,2024-03-20,TV-G,92,,6.6,9464,27.1
N00902,Stranger Things 902,Movie,Horror,India,English,2023,2025-12-01,TV-MA,118,,6.9,53724,13.53
N00903,The Crown,Movie,Animation,India,Spanish,2005,2022-06-13,TV-14,170,,7.5,90577,10.62
N00904,Kantara 904,TV Show,Documentary,South Korea,Hindi,2016,2021-03-27,PG,56,8.0,7.3,16062,114.73
N00905,Bridgerton 905,Movie,Drama,Canada,French,2025,2025-09-09,PG-13,119,,6.8,23568,17.41
N00906,Bird Box 906,Movie,Comedy,Japan,Japanese,2018,2021-10-13,TV-MA,122,,7.2,11513,256.6
N00907,Kantara,Movie,Sci-Fi,United States,Spanish,2001,2021-02-02,PG,77,,6.4,45348,26.94
N00908,The Queen's Gambit 908,TV Show,Crime,South Korea,Spanish,2003,2024-08-16,R,20,5.0,7.4,57208,36.72
N00909,You 909,Movie,Thriller,Spain,Japanese,2012,2023-05-06,TV-MA,161,,6.5,5680,10.75
N00910,All Quiet on the Western Front 910,Movie,Action,Canada,English,2013,2023-05-21,G,174,,6.3,455676,26.25
N00911,The Umbrella Academy 911,Movie,Romance,South Korea,English,2024,2025-02-16,G,162,,7.2,21004,47.31
N00912,The Witcher,Movie,Documentary,South Korea,French,2025,2021-09-23,PG-13,77,,6.8,51008,55.81
N00913,Narcos,TV Show,Romance,United Kingdom,Tamil,2008,2025-04-26,PG-13,36,6.0,5.3,2335,7.03
N00914,Black Mirror 914,TV Show,Comedy,Australia,Tamil,2002,2025-06-08,TV-MA,63,4.0,7.4,22757,18.38
N00915,Kantara,TV Show,Comedy,India,English,2001,2020-03-07,TV-MA,49,7.0,8.1,27998,18.45
N00916,The Gray Man 916,TV Show,Animation,India,French,2000,2023-11-23,TV-G,53,1.0,6.4,15400,50.67
N00917,Dark 917,Movie,Animation,India,Hindi,2009,2024-11-25,PG,82,,8.9,48253,39.96
N00918,The Umbrella Academy,Movie,Thriller,Japan,Spanish,2009,2025-03-07,PG-13,171,,6.5,18237,121.85
N00919,Bird Box 919,Movie,Documentary,Canada,English,2014,2022-04-16,G,170,,6.8,163155,7.63
N00920,Bridgerton 920,Movie,Drama,Spain,English,2025,2023-03-22,TV-G,124,,7.3,41460,31.3
N00921,Andhadhun 921,Movie,Thriller,India,Hindi,2023,2023-11-28,TV-G,145,,8.5,12889,7.79
N00922,Sex Education 922,Movie,Action,Australia,English,2017,2024-08-25,R,80,,6.6,8106,5.94
N00923,Bird Box 923,Movie,Sci-Fi,Spain,German,2007,2025-12-01,TV-MA,90,,6.9,21339,57.16
N00924,Andhadhun 924,Movie,Animation,India,Tamil,2018,2024-10-26,G,171,,5.9,62176,35.53
N00925,Andhadhun 925,TV Show,Documentary,Spain,Korean,2021,2021-06-19,TV-14,29,6.0,6.0,120283,6.87
N00926,Enola Holmes,Movie,Horror,South Korea,English,2024,2023-10-23,TV-MA,174,,5.8,52050,3.44
N00927,Elite 927,TV Show,Action,France,Korean,2015,2022-11-22,TV-PG,33,5.0,6.4,6015,40.24
N00928,The Crown 928,Movie,Action,Spain,Spanish,2016,2023-10-25,TV-PG,153,,6.2,591972,4.01
N00929,Darlings 929,Movie,Crime,South Korea,Tamil,2004,2020-11-27,PG-13,102,,7.9,33507,500.0
N00930,Sex Education 930,TV Show,Horror,Canada,Japanese,2025,2025-01-28,TV-MA,54,3.0,7.6,52074,14.57
N00931,The Gray Man,TV Show,Sci-Fi,Japan,Korean,2005,2020-02-22,R,23,2.0,8.3,28814,94.09
N00932,Glass Onion 932,TV Show,Drama,United States,Spanish,2010,2025-09-07,TV-G,24,6.0,7.0,109775,4.28
N00933,Black Mirror,Movie,Action,United States,Tamil,2020,2023-11-05,PG-13,166,,6.9,26456,19.15
N00934,The Adam Project,Movie,Comedy,Germany,French,2017,2025-03-07,TV-PG,86,,6.4,344918,11.62
N00935,The Irishman 935,TV Show,Comedy,Germany,Korean,2012,2024-11-11,PG-13,20,7.0,6.6,69021,5.36
N00936,The Queen's Gambit 936,Movie,Animation,Canada,English,2017,2025-03-28,TV-PG,144,,6.9,19886,13.07
N00937,The Witcher 937,Movie,Documentary,Spain,Tamil,2012,2023-09-04,PG-13,162,,8.6,22250,7.4
N00938,The Umbrella Academy 938,TV Show,Sci-Fi,Spain,Japanese,2023,2024-07-06,TV-PG,57,3.0,7.4,12092,7.57
N00939,Extraction 939,TV Show,Animation,Germany,Korean,2015,2024-08-24,TV-MA,63,6.0,7.1,50487,61.91
N00940,RRR,Movie,Animation,Spain,Korean,2022,2023-09-25,PG-13,126,,7.9,57347,22.98
N00941,Enola Holmes 941,TV Show,Romance,United States,French,2000,2020-06-18,TV-G,63,3.0,6.6,39267,14.47
N00942,Black Mirror,TV Show,Documentary,France,French,2021,2024-07-15,TV-MA,31,2.0,7.4,44893,35.53
N00943,Elite 943,Movie,Documentary,Japan,Tamil,2017,2025-10-23,PG,152,,5.9,10729,22.19
N00944,Bridgerton 944,Movie,Action,South Korea,Japanese,2009,2022-08-21,TV-G,155,,7.5,84069,68.58
N00945,Roma 945,TV Show,Drama,Germany,Japanese,2024,2023-02-20,TV-14,54,3.0,8.7,8559,25.23
N00946,Squid Game 946,TV Show,Sci-Fi,Germany,Spanish,2021,2022-09-19,R,56,7.0,8.1,41326,49.58
N00947,The Crown 947,Movie,Drama,Spain,French,2023,2023-07-24,TV-PG,81,,6.5,21039,39.71
N00948,Bird Box 948,Movie,Drama,United States,Japanese,2018,2022-03-17,G,170,,8.0,40546,68.87
N00949,The Night Agent,Movie,Thriller,United Kingdom,Tamil,2012,2021-04-18,TV-14,143,,6.0,8754,39.06
N00950,Bird Box 950,Movie,Documentary,India,Hindi,2005,2021-09-04,G,118,,8.3,2013,6.27
N00951,The Queen's Gambit 951,Movie,Sci-Fi,Spain,Korean,2000,2020-04-10,TV-14,173,,6.9,74785,64.88
N00952,The Night Agent 952,TV Show,Animation,India,English,2016,2020-06-07,G,65,6.0,7.9,25038,5.9
N00953,Darlings,Movie,Documentary,Germany,Hindi,2010,2021-07-15,TV-PG,102,,8.3,12711,6.88
N00954,Narcos 954,Movie,Documentary,United Kingdom,German,2019,2024-01-20,PG-13,153,,8.1,80042,18.89
N00955,The Irishman 955,TV Show,Documentary,Canada,Tamil,2000,2020-06-28,G,28,6.0,8.2,38874,21.96
N00956,The Night Agent,TV Show,Horror,Germany,French,2014,2025-10-14,TV-PG,52,6.0,8.3,1135,3.63
N00957,Cobra Kai 957,TV Show,Animation,South Korea,Spanish,2010,2025-02-26,TV-PG,34,4.0,7.2,21754,68.35
N00958,Manifest 958,TV Show,Thriller,United States,Japanese,2002,2022-09-17,G,47,3.0,7.4,13787,33.18
N00959,Stranger Things 959,Movie,Sci-Fi,United Kingdom,Spanish,2019,2022-09-24,PG-13,157,,5.2,20385,4.05
N00960,Dark 960,TV Show,Thriller,India,Spanish,2009,2021-10-05,TV-MA,26,3.0,7.0,34955,8.77
N00961,Red Notice 961,Movie,Comedy,United States,English,2019,2024-03-25,TV-G,166,,6.9,9215,18.44
N00962,Bird Box,Movie,Comedy,Germany,Japanese,2022,2023-03-13,PG-13,108,,7.1,12358,18.54
N00963,Enola Holmes,TV Show,Romance,United Kingdom,English,2001,2024-03-23,TV-G,55,4.0,6.2,139534,13.55
N00964,You,TV Show,Sci-Fi,United Kingdom,Hindi,2020,2025-07-26,TV-PG,56,4.0,6.3,1640,20.88
N00965,12th Fail,Movie,Comedy,South Korea,Korean,2018,2022-09-10,PG,106,,7.1,14416,72.53
N00966,RRR 966,Movie,Sci-Fi,Germany,Hindi,2015,2021-08-20,TV-G,107,,8.1,1491,35.34
N00967,The Adam Project 967,Movie,Action,Germany,Spanish,2018,2024-09-17,R,137,,7.3,23591,29.83
N00968,Drishyam 968,Movie,Comedy,United Kingdom,German,2000,2024-11-15,TV-G,80,,7.1,70234,33.1
N00969,Andhadhun,Movie,Romance,Spain,French,2006,2020-08-03,TV-PG,148,,6.6,66964,24.3
N00970,The Umbrella Academy 970,TV Show,Thriller,Australia,German,2005,2022-11-28,R,42,1.0,7.5,53623,77.8
N00971,All Quiet on the Western Front 971,Movie,Drama,Australia,Tamil,2006,2023-11-05,TV-MA,101,,6.1,6598,14.79
N00972,Money Heist 972,Movie,Comedy,India,German,2024,2021-12-11,TV-G,90,,7.5,7486,13.79
N00973,The Witcher,TV Show,Animation,Japan,Spanish,2006,2022-03-04,TV-14,49,5.0,8.1,21936,35.97
N00974,The Umbrella Academy 974,Movie,Horror,France,French,2025,2022-12-13,TV-14,91,,7.3,35873,12.92
N00975,Narcos,TV Show,Drama,Japan,Spanish,2023,2022-04-14,TV-PG,26,4.0,6.8,6748,67.44
N00976,You 976,Movie,Romance,France,English,2017,2023-12-24,TV-14,138,,5.9,21168,14.1
N00977,You,Movie,Drama,France,English,2018,2021-12-23,PG,108,,7.1,7843,85.32
N00978,Bird Box 978,Movie,Comedy,United States,Tamil,2001,2022-10-03,TV-PG,173,,7.5,324464,21.72
N00979,The Irishman 979,Movie,Romance,Canada,English,2021,2020-01-18,TV-MA,178,,6.6,87081,59.08
N00980,Kantara 980,TV Show,Horror,India,English,2025,2024-01-17,TV-14,25,8.0,8.7,30274,14.37
N00981,Wednesday 981,TV Show,Romance,Germany,German,2021,2025-04-11,TV-14,46,8.0,7.9,19333,7.03
N00982,Andhadhun 982,TV Show,Romance,Spain,Tamil,2009,2021-06-18,TV-PG,27,4.0,7.8,156814,12.68
N00983,Roma 983,Movie,Crime,Australia,Japanese,2022,2023-07-14,PG-13,126,,7.0,4422,66.58
N00984,Sex Education 984,Movie,Comedy,Spain,French,2018,2025-10-01,TV-14,128,,7.2,14854,10.65
N00985,Andhadhun,TV Show,Sci-Fi,Australia,Japanese,2001,2024-01-11,R,55,2.0,6.0,52382,4.24
N00986,Enola Holmes,Movie,Comedy,Canada,German,2022,2025-04-21,TV-14,151,,7.1,41682,63.55
N00987,RRR 987,Movie,Sci-Fi,India,Japanese,2018,2020-08-16,PG,87,,7.3,31498,23.4
N00988,Roma,Movie,Romance,France,English,2005,2020-12-27,PG,89,,6.2,2496,44.31
N00989,You 989,Movie,Action,United States,English,2013,2025-11-21,PG,127,,7.1,11998,58.0
N00990,Roma,Movie,Comedy,Japan,Spanish,2017,2020-02-15,TV-MA,139,,7.3,11336,44.96
N00991,Red Notice,TV Show,Horror,Australia,Korean,2017,2024-08-17,TV-PG,27,8.0,9.0,29371,20.29
N00992,The Gray Man,Movie,Horror,United Kingdom,Hindi,2000,2022-10-13,TV-14,98,,6.5,30825,11.88
N00993,Enola Holmes 993,TV Show,Comedy,United Kingdom,German,2021,2025-11-02,PG,55,3.0,5.9,63422,5.25
N00994,RRR 994,Movie,Thriller,India,Korean,2011,2021-08-10,R,120,,6.9,2772,71.05
N00995,Manifest,Movie,Romance,India,Tamil,2012,2023-09-08,PG,152,,7.2,46974,20.65
N00996,Red Notice,TV Show,Drama,South Korea,Korean,2013,2025-07-09,PG-13,29,3.0,6.0,23513,33.66
N00997,Squid Game 997,Movie,Thriller,South Korea,German,2018,2024-10-03,G,108,,5.9,27153,63.84
N00998,Ozark 998,Movie,Comedy,South Korea,German,2002,2025-07-01,TV-PG,127,,6.8,37433,59.85
N00999,The Witcher 999,Movie,Drama,South Korea,Tamil,2007,2022-11-02,R,108,,6.5,11044,70.24
N01000,Kantara 1000,Movie,Drama,Australia,Spanish,2008,2025-05-20,TV-MA,170,,8.0,9273,24.58
N01001,The Queen's Gambit 1001,Movie,Drama,France,Tamil,2023,2024-11-18,R,125,,5.9,10552,140.34
N01002,Bridgerton,Movie,Crime,Australia,French,2018,2022-10-09,TV-PG,163,,7.3,31008,30.77
N01003,The Gray Man 1003,TV Show,Comedy,India,English,2001,2022-02-03,TV-G,43,4.0,5.9,39191,55.47
N01004,Cobra Kai 1004,Movie,Drama,Japan,Tamil,2021,2025-11-05,TV-14,101,,6.1,111235,336.22
N01005,Wednesday 1005,Movie,Romance,Canada,Japanese,2008,2023-07-22,PG,149,,6.3,55273,63.5
N01006,Roma 1006,TV Show,Horror,Australia,French,2023,2024-01-19,TV-G,47,6.0,6.5,20836,61.75
N01007,Black Mirror,TV Show,Romance,Japan,Spanish,2009,2023-06-23,PG,36,7.0,7.4,39055,3.94
N01008,Squid Game 1008,Movie,Romance,Australia,Japanese,2012,2021-08-14,TV-G,98,,8.0,35487,42.87
N01009,The Gray Man 1009,Movie,Documentary,France,English,2015,2020-09-01,TV-14,177,,7.5,8477,61.7
N01010,The Night Agent,Movie,Crime,Germany,German,2016,2021-12-14,PG,175,,7.6,5456,117.13
N01011,Red Notice 1011,TV Show,Crime,India,Tamil,2020,2024-01-15,TV-PG,50,6.0,7.3,11718,5.97
N01012,Bird Box,TV Show,Action,Canada,Japanese,2020,2020-01-22,G,34,6.0,7.3,12892,78.66
N01013,RRR 1013,Movie,Romance,South Korea,Hindi,2020,2023-08-25,G,173,,6.5,11266,58.04
N01014,Darlings,TV Show,Documentary,United Kingdom,French,2007,2025-01-21,TV-MA,44,3.0,6.3,26322,123.65
N01015,Jawan 1015,TV Show,Animation,France,Spanish,2002,2022-10-08,TV-PG,34,6.0,8.6,4939,12.75
N01016,Manifest 1016,TV Show,Drama,United States,Hindi,2009,2023-06-06,PG,45,8.0,6.6,239587,32.74
N01017,Ozark 1017,Movie,Romance,South Korea,German,2021,2025-09-04,TV-MA,135,,7.0,38054,241.5
N01018,12th Fail 1018,Movie,Romance,Japan,Tamil,2020,2024-10-19,G,140,,7.3,37170,146.16
N01019,The Witcher,TV Show,Horror,United Kingdom,Japanese,2016,2023-11-05,PG,64,3.0,8.1,35633,149.13
N01020,Drishyam,Movie,Comedy,Australia,Korean,2001,2024-08-06,R,91,,6.0,239572,46.42
N01021,Lucifer 1021,Movie,Comedy,United Kingdom,English,2025,2025-10-18,R,147,,9.5,50484,10.88
N01022,Drishyam 1022,Movie,Drama,India,German,2003,2025-07-04,TV-MA,78,,6.6,49800,26.37
N01023,Wednesday 1023,Movie,Thriller,Canada,German,2009,2022-07-26,PG-13,85,,6.7,81161,19.89
N01024,The Night Agent 1024,Movie,Crime,Australia,French,2009,2025-10-13,TV-G,98,,7.3,8787,22.27
N01025,Elite 1025,TV Show,Drama,United States,Japanese,2010,2020-08-18,TV-PG,39,2.0,4.8,47811,500.0
N01026,The Umbrella Academy 1026,Movie,Animation,South Korea,Tamil,2019,2023-09-07,PG,173,,7.9,74086,31.18
N01027,Darlings 1027,Movie,Horror,Australia,German,2012,2024-02-12,TV-MA,156,,6.2,17907,23.18
N01028,Cobra Kai 1028,Movie,Crime,United Kingdom,Spanish,2018,2020-02-05,G,77,,6.6,4764,94.89
N01029,Bird Box,TV Show,Romance,Germany,French,2024,2024-06-04,TV-G,28,2.0,7.7,66351,88.19
N01030,The Night Agent 1030,Movie,Comedy,United Kingdom,Hindi,2009,2024-12-19,G,157,,6.0,25910,42.68
N01031,Bird Box 1031,TV Show,Documentary,United Kingdom,German,2013,2020-06-14,PG-13,26,6.0,7.6,24565,1.94
N01032,Wednesday,Movie,Action,United Kingdom,Hindi,2018,2025-07-08,TV-PG,77,,8.0,78761,212.13
N01033,The Night Agent 1033,Movie,Sci-Fi,United Kingdom,English,2001,2020-02-16,PG-13,146,,7.1,98122,15.48
N01034,Stranger Things 1034,Movie,Sci-Fi,Japan,Spanish,2008,2023-02-27,TV-14,89,,7.5,90395,47.53
N01035,Stranger Things 1035,Movie,Comedy,United States,German,2013,2022-12-27,TV-14,115,,7.0,3472,8.23
N01036,Drishyam 1036,TV Show,Documentary,Spain,Korean,2018,2023-06-05,PG,56,8.0,6.4,107583,7.98
N01037,Dark 1037,Movie,Comedy,France,English,2015,2022-06-02,PG-13,143,,7.2,64830,14.28
N01038,Bird Box,Movie,Animation,France,German,2017,2022-09-25,R,175,,6.7,13739,27.73
N01039,The Queen's Gambit 1039,Movie,Crime,Spain,Japanese,2004,2024-09-07,PG,150,,8.7,143467,64.21
N01040,Roma 1040,TV Show,Thriller,France,German,2010,2022-12-02,G,23,6.0,7.7,149613,24.85
N01041,Sex Education 1041,Movie,Romance,Canada,English,2019,2025-10-04,R,80,,9.0,5750,83.25
N01042,The Crown 1042,Movie,Comedy,Germany,Tamil,2002,2025-10-12,R,164,,8.1,6548,41.68
N01043,Glass Onion 1043,Movie,Comedy,United Kingdom,English,2008,2020-06-04,TV-PG,82,,8.9,40237,87.19
N01044,Money Heist 1044,Movie,Action,Canada,German,2023,2020-08-23,R,79,,7.0,44208,54.59
N01045,Enola Holmes 1045,TV Show,Animation,Spain,Japanese,2014,2025-10-07,PG,62,2.0,7.8,117228,500.0
N01046,Extraction,TV Show,Thriller,Australia,Spanish,2000,2024-06-12,R,39,2.0,7.3,9494,20.11
N01047,The Gray Man 1047,TV Show,Animation,Canada,German,2021,2023-05-02,R,55,1.0,7.5,41367,22.05
N01048,Enola Holmes 1048,TV Show,Documentary,United Kingdom,German,2016,2023-07-25,PG-13,43,4.0,7.7,56653,12.63
N01049,The Witcher 1049,Movie,Thriller,United Kingdom,German,2000,2024-05-06,TV-MA,125,,5.9,9227,22.7
N01050,Money Heist,Movie,Animation,United Kingdom,English,2021,2025-07-27,TV-MA,76,,5.7,13195,21.75
N01051,Stranger Things 1051,Movie,Horror,Spain,Japanese,2000,2025-06-15,TV-PG,92,,7.9,14800,23.66
N01052,Money Heist 1052,TV Show,Horror,Spain,Korean,2018,2021-07-22,PG-13,47,5.0,6.4,13698,44.45
N01053,Roma 1053,TV Show,Action,Germany,Hindi,2022,2020-06-27,PG-13,58,3.0,6.3,5719,28.09
N01054,Kantara 1054,Movie,Horror,United States,Hindi,2024,2024-10-16,TV-MA,96,,7.8,8891,189.74
N01055,The Adam Project 1055,Movie,Comedy,France,German,2018,2025-08-06,TV-14,168,,7.3,20545,15.8
N01056,Ozark,Movie,Drama,United States,Hindi,2016,2024-07-20,PG-13,172,,7.3,237411,118.27
N01057,Stranger Things 1057,Movie,Sci-Fi,United Kingdom,English,2018,2021-09-07,PG,171,,7.2,100837,30.84
N01058,Ozark,Movie,Thriller,United Kingdom,Spanish,2020,2025-09-24,TV-14,137,,6.3,39323,16.63
N01059,Wednesday 1059,Movie,Animation,Australia,Japanese,2011,2025-12-05,R,156,,6.7,97967,47.55
N01060,Wednesday 1060,TV Show,Sci-Fi,Germany,Tamil,2004,2022-07-07,TV-MA,28,2.0,5.6,41356,22.86
N01061,You 1061,Movie,Romance,Australia,Hindi,2001,2023-11-27,TV-14,84,,7.2,23577,32.25
N01062,The Crown,Movie,Animation,United States,Japanese,2012,2021-12-18,PG,90,,8.7,62694,74.5
N01063,Glass Onion,Movie,Crime,United Kingdom,Tamil,2012,2023-01-13,R,122,,7.2,22914,8.31
N01064,Money Heist 1064,TV Show,Comedy,Australia,German,2004,2023-07-07,PG,38,5.0,7.3,27987,21.32
N01065,The Irishman 1065,Movie,Thriller,Australia,Hindi,2006,2020-05-05,PG,96,,6.9,42879,27.35
N01066,Jawan 1066,Movie,Action,Canada,English,2013,2024-12-16,TV-14,87,,7.1,189766,11.67
N01067,Cobra Kai 1067,TV Show,Action,Japan,Spanish,2013,2025-05-15,PG-13,34,4.0,6.7,90986,36.46
N01068,Bird Box 1068,TV Show,Drama,Canada,German,2021,2023-01-12,PG,22,4.0,5.1,29158,17.91
N01069,Extraction,Movie,Crime,Australia,Korean,2014,2022-04-14,TV-PG,109,,6.5,71377,110.18
N01070,The Night Agent 1070,Movie,Crime,France,Spanish,2008,2020-03-11,PG,83,,6.1,219393,34.02
N01071,Bird Box 1071,Movie,Drama,Australia,Tamil,2017,2023-05-28,TV-G,93,,6.2,29310,12.2
N01072,The Night Agent,Movie,Drama,Germany,Spanish,2007,2023-02-27,PG,150,,8.5,73776,4.04
N01073,Roma,Movie,Documentary,Spain,Tamil,2021,2021-11-25,TV-G,166,,6.4,65742,19.01
N01074,Roma,Movie,Drama,United States,Hindi,2021,2024-05-11,PG-13,122,,6.7,33349,14.91
N01075,Narcos 1075,Movie,Documentary,United Kingdom,German,2021,2021-11-06,TV-MA,161,,5.2,59451,162.25
N01076,Glass Onion 1076,Movie,Romance,United Kingdom,Korean,2013,2021-08-01,TV-14,126,,7.8,10039,24.76
N01077,Squid Game 1077,Movie,Drama,Canada,German,2001,2025-03-24,PG-13,80,,7.7,102092,63.33
N01078,You 1078,Movie,Romance,Germany,English,2005,2021-02-07,G,86,,5.5,41472,34.26
N01079,Red Notice,Movie,Action,Spain,Spanish,2011,2025-06-20,TV-PG,137,,7.1,80160,4.2
N01080,Lucifer,TV Show,Thriller,Japan,English,2021,2022-06-28,TV-G,34,4.0,6.4,11885,179.24
N01081,Drishyam,Movie,Thriller,Canada,German,2025,2020-09-06,G,86,,7.1,20070,137.89
N01082,Lucifer 1082,Movie,Comedy,Spain,Hindi,2025,2023-11-26,G,146,,7.6,19605,70.76
N01083,Squid Game,TV Show,Documentary,Spain,Spanish,2024,2021-12-17,TV-MA,33,4.0,8.0,25264,49.45
N01084,Lucifer 1084,Movie,Animation,South Korea,Spanish,2024,2025-06-13,TV-MA,169,,5.8,15150,40.99
N01085,Narcos 1085,Movie,Romance,Japan,English,2019,2022-07-22,TV-G,177,,6.8,7295,69.13
N01086,The Adam Project 1086,Movie,Drama,Germany,Spanish,2007,2020-11-03,R,90,,7.2,41461,34.65
N01087,The Night Agent 1087,TV Show,Crime,United States,German,2005,2020-06-11,PG,44,2.0,6.3,16932,90.05
N01088,Extraction,Movie,Action,India,French,2025,2023-05-01,TV-14,147,,7.0,17079,45.03
N01089,Black Mirror 1089,Movie,Animation,Japan,Hindi,2012,2021-05-03,R,158,,6.2,26007,40.76
N01090,Darlings,Movie,Crime,Australia,Korean,2024,2020-03-14,TV-G,147,,6.5,17914,45.85
N01091,Glass Onion 1091,TV Show,Comedy,Australia,French,2007,2021-11-07,PG,41,8.0,7.6,22008,69.5
N01092,Squid Game 1092,Movie,Comedy,France,English,2019,2021-02-19,TV-14,98,,6.9,17745,115.55
N01093,Stranger Things 1093,Movie,Romance,Germany,Spanish,2000,2023-09-15,G,75,,7.3,8179,61.42
N01094,The Umbrella Academy 1094,Movie,Crime,Germany,Tamil,2017,2022-07-23,TV-MA,86,,6.3,17031,240.71
N01095,Red Notice 1095,Movie,Drama,United States,Spanish,2010,2024-12-13,R,156,,6.3,56456,26.76
N01096,Glass Onion 1096,Movie,Romance,Australia,Korean,2001,2023-05-08,TV-14,142,,7.5,25141,23.23
N01097,Extraction 1097,TV Show,Documentary,Spain,Japanese,2019,2022-12-08,PG,46,7.0,6.2,33108,2.83
N01098,The Queen's Gambit,TV Show,Comedy,South Korea,Japanese,2025,2024-08-10,R,58,4.0,6.2,38773,178.91
N01099,Glass Onion 1099,Movie,Crime,South Korea,Spanish,2008,2024-12-16,R,150,,8.5,245679,14.48
N01100,Lucifer 1100,TV Show,Horror,Spain,Hindi,2021,2023-01-16,TV-PG,20,8.0,7.2,315250,13.26
N01101,Cobra Kai 1101,Movie,Romance,Japan,English,2016,2020-05-09,G,174,,6.7,20757,54.25
N01102,Extraction 1102,TV Show,Comedy,United Kingdom,German,2012,2020-09-14,TV-14,42,7.0,8.4,47472,18.7
N01103,12th Fail 1103,TV Show,Thriller,India,French,2019,2020-04-10,PG-13,25,2.0,6.9,15722,18.46
N01104,The Witcher 1104,Movie,Action,United Kingdom,English,2013,2022-04-22,TV-G,108,,7.8,7903,18.9
N01105,Bridgerton,TV Show,Horror,France,German,2013,2023-05-03,TV-G,23,3.0,7.2,7650,18.41
N01106,Roma 1106,Movie,Documentary,Japan,French,2001,2025-03-07,R,125,,5.9,1997,38.9
N01107,Elite 1107,Movie,Animation,Japan,Korean,2004,2022-07-15,TV-G,76,,7.2,12262,12.86
N01108,Darlings 1108,Movie,Comedy,France,French,2022,2022-04-24,TV-MA,129,,7.0,64892,78.5
N01109,Cobra Kai 1109,Movie,Romance,Japan,English,2020,2021-05-23,PG-13,179,,9.0,11630,55.06
N01110,The Queen's Gambit 1110,Movie,Documentary,Germany,German,2017,2025-02-27,TV-G,167,,7.7,50109,20.33
N01111,12th Fail 1111,Movie,Sci-Fi,Canada,German,2022,2021-11-16,PG-13,156,,7.4,113509,15.48
N01112,The Queen's Gambit 1112,Movie,Action,United Kingdom,Spanish,2002,2021-08-08,R,143,,6.2,18456,19.22
N01113,Wednesday 1113,Movie,Comedy,United Kingdom,Hindi,2024,2023-01-28,TV-G,163,,7.3,22679,14.97
N01114,The Witcher 1114,Movie,Thriller,Australia,Spanish,2001,2021-03-16,G,172,,7.2,42907,1.96
N01115,The Queen's Gambit 1115,TV Show,Thriller,Spain,Tamil,2007,2021-04-24,TV-MA,44,6.0,6.5,18276,11.28
N01116,Extraction 1116,Movie,Thriller,South Korea,English,2006,2022-08-01,PG-13,140,,7.2,12992,30.2
N01117,Enola Holmes,Movie,Animation,France,Tamil,2011,2025-11-07,PG-13,164,,7.1,4729,26.58
N01118,Andhadhun,TV Show,Romance,France,Spanish,2019,2020-07-03,G,30,3.0,5.6,14102,118.44
N01119,Glass Onion 1119,Movie,Action,Australia,Korean,2002,2020-03-19,TV-PG,84,,7.9,194262,12.95
N01120,Manifest 1120,Movie,Animation,France,Spanish,2021,2020-07-13,TV-14,157,,8.0,13384,139.69
N01121,Money Heist,Movie,Animation,Spain,English,2008,2022-10-18,R,143,,8.3,18164,49.12
N01122,The Irishman 1122,TV Show,Comedy,India,Tamil,2005,2024-08-13,PG,27,6.0,7.2,12685,37.36
N01123,Jawan 1123,TV Show,Animation,India,German,2003,2023-11-17,TV-G,22,7.0,6.3,30342,176.41
N01124,Ozark,Movie,Horror,Canada,Japanese,2010,2025-03-04,PG-13,130,,6.9,39282,51.19
N01125,Narcos,TV Show,Action,United Kingdom,Japanese,2013,2025-08-17,TV-14,54,4.0,7.5,17860,11.55
N01126,Jawan 1126,Movie,Sci-Fi,United Kingdom,Korean,2019,2020-12-18,TV-MA,87,,7.3,79312,8.73
N01127,Money Heist 1127,Movie,Crime,France,French,2013,2021-05-08,R,87,,8.4,77796,12.54
N01128,Roma 1128,Movie,Romance,Spain,Tamil,2000,2024-12-14,PG-13,153,,7.2,156238,56.28
N01129,Darlings 1129,TV Show,Crime,Japan,Tamil,2024,2025-02-17,TV-PG,44,4.0,7.4,72892,111.6
N01130,Dark 1130,Movie,Horror,France,Korean,2020,2021-11-17,PG-13,174,,6.6,8359,11.4
N01131,Dark 1131,Movie,Animation,United Kingdom,German,2007,2022-12-25,TV-MA,169,,7.9,46522,21.8
N01132,12th Fail,Movie,Sci-Fi,France,Hindi,2015,2025-05-08,TV-14,156,,7.7,166403,58.58
N01133,Sex Education 1133,Movie,Animation,Germany,French,2014,2025-08-06,TV-MA,106,,7.4,13141,40.14
N01134,The Witcher 1134,TV Show,Action,France,Spanish,2023,2022-08-07,PG,30,6.0,6.9,12101,98.0
N01135,Black Mirror 1135,Movie,Animation,United Kingdom,English,2018,2023-05-21,TV-G,169,,6.6,12167,80.8
N01136,All Quiet on the Western Front 1136,Movie,Crime,France,Japanese,2019,2025-11-16,PG,146,,7.5,5802,44.48
N01137,All Quiet on the Western Front 1137,Movie,Animation,Australia,French,2021,2021-07-24,TV-14,106,,6.8,41385,16.85
N01138,You 1138,TV Show,Animation,Spain,Hindi,2009,2020-03-13,PG-13,45,1.0,7.7,7246,53.3
N01139,12th Fail 1139,TV Show,Crime,France,Korean,2001,2025-01-11,TV-G,34,1.0,6.7,6903,12.38
N01140,Roma 1140,Movie,Horror,Japan,French,2017,2020-01-01,R,76,,8.2,65591,10.26
N01141,Andhadhun 1141,Movie,Crime,France,Korean,2011,2023-09-22,PG,87,,8.5,63145,105.75
N01142,The Crown,Movie,Drama,Spain,Hindi,2018,2025-04-14,TV-PG,157,,8.1,281580,31.92
N01143,Extraction 1143,TV Show,Drama,Japan,Tamil,2003,2024-07-27,TV-PG,45,8.0,6.9,88095,499.52
N01144,Darlings 1144,Movie,Crime,United Kingdom,Spanish,2001,2022-07-25,PG-13,151,,7.7,51470,18.89
N01145,Manifest 1145,Movie,Comedy,Australia,French,2005,2022-10-08,G,124,,7.7,3804,16.48
N01146,Cobra Kai 1146,Movie,Thriller,Spain,Tamil,2003,2021-11-06,TV-14,151,,7.0,5737,16.78
N01147,The Adam Project 1147,TV Show,Sci-Fi,Japan,French,2002,2021-03-19,PG,35,6.0,8.1,43916,34.34
N01148,Wednesday 1148,Movie,Action,Canada,English,2011,2022-05-20,TV-14,82,,6.4,27149,42.85
N01149,Manifest,Movie,Documentary,South Korea,Hindi,2014,2023-02-12,PG,142,,5.5,41154,10.01
N01150,The Crown 1150,TV Show,Sci-Fi,Japan,Korean,2018,2021-02-17,R,34,8.0,7.3,1207,36.0
N01151,Drishyam,Movie,Comedy,Japan,Hindi,2025,2022-03-16,TV-G,97,,7.1,23170,27.27
N01152,The Adam Project 1152,Movie,Horror,France,Korean,2009,2022-12-08,TV-G,163,,8.3,3733,20.81
N01153,Darlings 1153,TV Show,Horror,United States,German,2025,2025-07-06,G,44,8.0,7.9,6996,28.43
N01154,The Irishman 1154,Movie,Documentary,Japan,Japanese,2002,2022-01-20,TV-MA,123,,7.7,10429,42.71
N01155,You,Movie,Drama,Spain,Japanese,2003,2023-05-24,PG,112,,6.3,46611,48.5
N01156,RRR,Movie,Animation,Germany,French,2021,2025-12-19,TV-PG,180,,6.5,35983,70.12
N01157,Sex Education,TV Show,Horror,India,Korean,2004,2025-10-28,TV-G,58,2.0,7.2,7642,51.15
N01158,Ozark,TV Show,Drama,Canada,Tamil,2014,2023-03-17,G,41,2.0,6.8,76879,78.86
N01159,The Crown 1159,TV Show,Comedy,United Kingdom,Spanish,2003,2020-08-15,TV-MA,37,6.0,6.8,8510,29.05
N01160,The Adam Project 1160,Movie,Horror,France,English,2004,2025-08-24,TV-MA,86,,5.7,202709,3.09
N01161,12th Fail 1161,TV Show,Romance,Japan,Spanish,2021,2024-08-10,PG-13,25,1.0,7.6,46758,55.16
N01162,The Witcher,Movie,Romance,India,Hindi,2010,2020-05-11,TV-MA,116,,7.6,11125,45.13
N01163,Roma 1163,TV Show,Thriller,Germany,Hindi,2009,2021-12-12,G,44,7.0,7.1,9690,79.62
N01164,The Irishman,Movie,Romance,Japan,Hindi,2006,2022-11-10,TV-G,171,,7.3,6249,2.66
N01165,Cobra Kai 1165,Movie,Romance,France,Tamil,2002,2025-10-02,PG-13,87,,7.3,26090,3.52
N01166,Bridgerton 1166,TV Show,Sci-Fi,Germany,Tamil,2007,2022-05-03,G,35,5.0,6.4,5105,23.68
N01167,The Queen's Gambit 1167,Movie,Animation,Germany,English,2003,2022-02-02,R,113,,7.8,85946,172.16
N01168,Jawan 1168,Movie,Drama,United Kingdom,Hindi,2017,2022-11-09,PG,101,,6.8,26263,13.62
N01169,Stranger Things 1169,Movie,Animation,Japan,Spanish,2016,2021-09-18,PG,138,,5.7,195189,34.29
N01170,Narcos,TV Show,Sci-Fi,South Korea,German,2016,2022-04-01,G,49,3.0,6.1,3490,9.31
N01171,Darlings 1171,TV Show,Comedy,India,German,2017,2025-12-12,R,24,8.0,7.1,16552,30.38
N01172,Narcos 1172,TV Show,Crime,South Korea,French,2006,2021-09-27,G,65,1.0,5.3,68548,55.92
N01173,Wednesday 1173,TV Show,Horror,United Kingdom,German,2005,2025-10-27,PG,37,5.0,6.3,15116,27.15
N01174,Sex Education 1174,Movie,Action,South Korea,Hindi,2006,2025-03-05,PG,82,,7.5,8443,153.83
N01175,RRR 1175,Movie,Drama,Australia,Japanese,2014,2021-03-10,TV-MA,122,,6.9,8705,24.64
N01176,The Gray Man 1176,Movie,Thriller,United Kingdom,Korean,2022,2020-08-01,PG-13,130,,5.9,22501,12.75
N01177,Bird Box 1177,Movie,Action,United States,Korean,2014,2023-09-19,TV-MA,92,,7.5,55381,94.77
N01178,Stranger Things 1178,Movie,Sci-Fi,Australia,English,2014,2023-04-20,TV-G,177,,6.8,18170,29.66
N01179,Lucifer 1179,Movie,Drama,Germany,Hindi,2024,2020-05-11,PG,124,,7.2,44801,28.48
N01180,Wednesday 1180,TV Show,Comedy,Germany,Spanish,2025,2021-05-10,PG-13,36,5.0,7.4,10704,28.65
N01181,The Crown,Movie,Comedy,France,Japanese,2004,2022-12-27,TV-G,168,,7.8,6868,49.92
N01182,Black Mirror 1182,TV Show,Action,France,German,2015,2023-02-21,TV-G,42,6.0,7.1,36011,6.56
N01183,Money Heist 1183,Movie,Horror,United States,Spanish,2009,2020-02-19,TV-14,119,,8.3,13471,66.2
N01184,Glass Onion 1184,Movie,Animation,India,Japanese,2017,2023-09-14,G,177,,6.8,8609,110.24
N01185,Narcos,Movie,Crime,United States,English,2014,2023-05-20,PG-13,86,,7.9,11647,22.0
N01186,The Umbrella Academy 1186,Movie,Drama,United States,French,2009,2021-05-18,PG,168,,6.4,13061,8.12
N01187,Stranger Things 1187,Movie,Sci-Fi,United States,Spanish,2008,2020-03-07,TV-G,93,,6.6,36662,17.33
N01188,Enola Holmes 1188,Movie,Action,United States,German,2023,2021-10-04,TV-MA,176,,7.0,17789,34.25
N01189,RRR 1189,Movie,Animation,Australia,Korean,2016,2023-12-27,TV-G,180,,7.5,82709,96.15
N01190,Cobra Kai 1190,TV Show,Drama,France,Tamil,2019,2020-02-24,R,21,5.0,7.0,13294,24.55
N01191,Sex Education,TV Show,Comedy,Spain,Spanish,2002,2020-04-21,PG,52,3.0,7.6,55235,22.14
N01192,Andhadhun 1192,TV Show,Drama,India,Japanese,2021,2022-10-23,PG,21,8.0,6.5,18038,13.98
N01193,Squid Game 1193,TV Show,Sci-Fi,United Kingdom,Spanish,2013,2025-04-17,TV-G,28,2.0,6.9,30823,38.51
N01194,Black Mirror 1194,Movie,Documentary,United States,German,2024,2021-06-21,R,108,,6.6,5938,30.01
N01195,Narcos 1195,Movie,Thriller,Canada,Tamil,2005,2020-11-06,TV-PG,117,,7.2,16614,167.92
N01196,Black Mirror 1196,Movie,Documentary,France,Korean,2000,2024-03-15,TV-14,78,,7.0,24727,7.93
N01197,Bird Box,Movie,Action,Japan,English,2023,2023-12-14,G,108,,7.5,21564,4.65
N01198,Elite 1198,TV Show,Documentary,South Korea,Japanese,2007,2023-01-04,TV-14,29,8.0,7.0,21070,193.79
N01199,Glass Onion 1199,Movie,Romance,Germany,Spanish,2000,2021-06-25,TV-14,128,,6.7,2357,15.89
N01200,Black Mirror,TV Show,Sci-Fi,United Kingdom,Japanese,2004,2020-10-15,G,42,7.0,5.4,30372,52.99
N01201,Darlings 1201,TV Show,Horror,South Korea,Japanese,2014,2021-03-08,TV-PG,52,5.0,7.2,25068,3.25
N01202,Red Notice,TV Show,Thriller,South Korea,Spanish,2025,2022-05-19,PG-13,60,7.0,6.3,161295,12.15
N01203,Kantara 1203,Movie,Documentary,South Korea,Spanish,2012,2023-04-01,G,144,,6.8,2825,70.39
N01204,Glass Onion 1204,Movie,Romance,Australia,English,2007,2023-07-09,TV-MA,110,,6.7,84216,67.67
N01205,Cobra Kai,Movie,Comedy,United States,English,2003,2020-12-13,TV-MA,177,,7.2,79444,43.48
N01206,Wednesday 1206,Movie,Horror,France,Hindi,2023,2020-05-02,TV-MA,132,,7.5,26707,43.87
N01207,The Witcher 1207,Movie,Comedy,Japan,Tamil,2015,2021-06-22,TV-MA,128,,8.1,88453,25.42
N01208,Narcos,TV Show,Comedy,Australia,Hindi,2008,2021-08-11,R,41,6.0,7.9,177873,110.85
N01209,All Quiet on the Western Front 1209,Movie,Comedy,United States,English,2005,2025-04-15,TV-14,135,,6.5,41078,20.52
N01210,The Gray Man,TV Show,Crime,United States,Japanese,2003,2023-08-25,TV-14,29,3.0,7.1,33267,73.97
N01211,Drishyam 1211,Movie,Romance,Japan,French,2015,2022-08-28,TV-MA,111,,8.8,30688,69.76
N01212,Narcos 1212,Movie,Documentary,South Korea,Tamil,2020,2024-01-26,G,98,,7.5,1995,13.29
N01213,The Irishman 1213,Movie,Crime,Spain,Hindi,2024,2021-10-28,TV-PG,162,,6.4,18403,21.29
N01214,Kantara 1214,Movie,Comedy,Canada,Japanese,2004,2021-05-28,R,100,,7.8,20689,28.96
N01215,The Witcher 1215,TV Show,Comedy,Australia,Tamil,2022,2024-02-27,TV-MA,21,1.0,6.4,5634,20.48
N01216,Enola Holmes 1216,Movie,Drama,United Kingdom,Korean,2007,2021-11-28,TV-PG,124,,6.8,11324,145.94
N01217,The Irishman,Movie,Comedy,India,Hindi,2017,2022-08-08,TV-PG,139,,7.2,109444,51.72
N01218,Elite 1218,Movie,Comedy,United Kingdom,French,2024,2024-08-17,TV-14,178,,7.0,29681,25.22
N01219,Manifest 1219,Movie,Action,France,Japanese,2008,2023-12-27,TV-PG,124,,7.8,423085,27.53
N01220,All Quiet on the Western Front,TV Show,Sci-Fi,Germany,Hindi,2013,2022-07-26,PG,33,1.0,6.0,8934,27.03
N01221,Manifest,TV Show,Horror,Japan,Hindi,2015,2022-09-28,TV-PG,21,3.0,5.6,9049,19.51
N01222,Roma,TV Show,Action,France,Spanish,2021,2024-09-27,PG,45,7.0,7.2,3531,8.55
N01223,Ozark,TV Show,Crime,France,Tamil,2014,2023-07-23,PG-13,24,4.0,7.0,43641,11.43
N01224,The Queen's Gambit 1224,Movie,Thriller,Spain,Tamil,2004,2024-11-08,PG-13,160,,7.1,20466,28.65
N01225,The Adam Project 1225,Movie,Romance,Japan,German,2010,2023-05-25,TV-MA,170,,6.9,3750,26.99
N01226,Red Notice 1226,Movie,Romance,France,Japanese,2021,2021-07-28,TV-14,138,,7.8,18527,30.05
N01227,Wednesday 1227,Movie,Thriller,Spain,Spanish,2000,2021-11-05,TV-G,168,,6.9,19402,49.02
N01228,You 1228,Movie,Comedy,Germany,English,2024,2022-03-20,TV-PG,137,,8.7,174125,28.7
N01229,Wednesday,Movie,Horror,France,Tamil,2008,2024-01-28,TV-14,138,,6.4,56605,12.2
N01230,Extraction 1230,Movie,Drama,Japan,English,2024,2020-05-19,R,174,,6.7,51893,111.24
N01231,Roma 1231,Movie,Sci-Fi,United Kingdom,Tamil,2013,2021-09-01,R,147,,7.0,76095,91.22
N01232,Elite 1232,TV Show,Crime,Canada,Korean,2001,2021-08-23,PG-13,55,6.0,7.7,15353,11.6
N01233,The Irishman 1233,TV Show,Action,Spain,Tamil,2015,2023-07-21,TV-PG,39,7.0,7.3,60215,7.61
N01234,Stranger Things 1234,TV Show,Action,Spain,Tamil,2014,2022-01-14,TV-G,59,6.0,6.6,41884,11.14
N01235,The Night Agent 1235,TV Show,Crime,United States,Japanese,2024,2024-10-02,R,39,4.0,7.5,60734,8.48
N01236,Bird Box 1236,Movie,Romance,Japan,French,2005,2022-01-04,R,83,,8.0,14718,84.68
N01237,Cobra Kai,TV Show,Romance,United States,Korean,2009,2021-05-28,R,33,4.0,7.1,27419,42.06
N01238,Wednesday 1238,Movie,Animation,France,German,2005,2022-10-13,TV-PG,109,,7.9,14638,89.49
N01239,Stranger Things 1239,TV Show,Animation,Australia,Tamil,2019,2021-10-25,PG,37,3.0,7.2,21803,25.34
N01240,Black Mirror,Movie,Thriller,Germany,Tamil,2018,2022-08-11,PG-13,104,,7.2,21524,12.22
N01241,You 1241,Movie,Crime,South Korea,Japanese,2016,2022-03-09,TV-MA,75,,5.6,35277,59.52
N01242,The Witcher 1242,Movie,Comedy,India,Japanese,2022,2021-11-27,TV-MA,173,,8.3,18497,12.41
N01243,Bridgerton 1243,Movie,Sci-Fi,Australia,Korean,2014,2025-05-21,TV-PG,91,,6.5,2095,13.03
N01244,Cobra Kai,TV Show,Comedy,Australia,Spanish,2017,2024-10-18,G,56,4.0,7.1,25983,29.36
N01245,Jawan 1245,Movie,Animation,United States,French,2011,2025-09-17,R,141,,7.5,30308,26.54
N01246,The Night Agent,TV Show,Action,Canada,Tamil,2017,2023-03-22,PG-13,31,1.0,7.9,104800,28.11
N01247,Lucifer 1247,Movie,Romance,Canada,French,2006,2025-11-21,G,171,,8.0,12369,12.99
N01248,Cobra Kai,Movie,Sci-Fi,United Kingdom,Japanese,2009,2020-05-19,PG-13,96,,7.6,30564,39.47
N01249,Extraction 1249,Movie,Drama,Australia,English,2025,2024-06-14,R,75,,6.7,3218,7.86
N01250,You 1250,Movie,Documentary,United States,Japanese,2015,2023-02-03,R,154,,6.1,9408,22.7
N01251,Glass Onion 1251,Movie,Drama,France,English,2000,2023-07-28,PG-13,126,,9.0,6852,7.98
N01252,Squid Game 1252,Movie,Horror,Canada,Korean,2006,2025-02-07,R,180,,6.5,14064,19.47
N01253,The Umbrella Academy,TV Show,Drama,Australia,German,2003,2021-08-16,G,38,2.0,6.9,99699,23.04
N01254,Money Heist 1254,Movie,Crime,United States,Japanese,2015,2023-02-16,TV-PG,98,,8.4,16308,105.4
N01255,You 1255,TV Show,Horror,Spain,Japanese,2003,2024-04-15,PG,39,3.0,4.0,99777,38.25
N01256,The Gray Man 1256,Movie,Comedy,Germany,Japanese,2008,2023-10-25,TV-MA,100,,8.1,10992,24.91
N01257,Kantara 1257,Movie,Horror,Canada,Tamil,2009,2025-12-09,TV-14,134,,7.0,65185,35.23
N01258,The Night Agent 1258,Movie,Animation,Canada,Korean,2000,2022-10-20,TV-MA,86,,6.1,38611,52.82
N01259,All Quiet on the Western Front 1259,TV Show,Animation,Japan,Japanese,2001,2022-04-15,TV-MA,46,2.0,6.6,38448,28.36
N01260,The Gray Man 1260,Movie,Comedy,Spain,Korean,2012,2023-09-26,TV-14,134,,7.1,110015,7.44
N01261,Narcos 1261,Movie,Comedy,Spain,English,2009,2024-05-11,TV-MA,164,,6.2,33602,7.54
N01262,Cobra Kai 1262,Movie,Horror,France,German,2020,2022-07-19,R,79,,7.8,9035,24.89
N01263,The Night Agent,Movie,Sci-Fi,Germany,Hindi,2012,2024-01-25,TV-G,135,,6.9,14336,11.93
N01264,Ozark 1264,Movie,Crime,Canada,Tamil,2016,2021-05-22,PG-13,80,,6.8,2651,145.13
N01265,All Quiet on the Western Front,Movie,Animation,Spain,English,2022,2022-11-28,G,92,,7.1,136912,51.78
N01266,Dark,TV Show,Comedy,Spain,Tamil,2024,2021-10-22,TV-MA,33,3.0,4.3,259334,25.39
N01267,Ozark,Movie,Animation,Australia,Korean,2025,2023-02-15,TV-MA,116,,7.8,142491,35.96
N01268,Cobra Kai 1268,Movie,Animation,South Korea,Hindi,2009,2025-04-11,PG,164,,8.5,5597,14.3
N01269,The Queen's Gambit 1269,Movie,Animation,United States,Spanish,2020,2022-04-18,PG,99,,7.6,33129,16.53
N01270,Stranger Things 1270,Movie,Drama,United Kingdom,Tamil,2007,2025-07-21,PG,135,,7.6,166339,46.24
N01271,Extraction 1271,Movie,Comedy,Canada,English,2021,2021-08-25,TV-MA,158,,7.8,40024,467.72
N01272,12th Fail 1272,Movie,Animation,United Kingdom,English,2001,2024-11-28,TV-14,78,,6.3,21021,27.2
N01273,The Crown 1273,Movie,Action,Spain,German,2012,2021-09-17,TV-PG,78,,8.1,35752,71.66
N01274,Darlings 1274,TV Show,Sci-Fi,South Korea,Tamil,2005,2023-03-01,TV-MA,44,2.0,8.9,6660,93.03
N01275,Ozark 1275,Movie,Thriller,Australia,French,2000,2024-07-21,PG-13,108,,7.2,49797,73.75
N01276,Bridgerton 1276,Movie,Horror,Germany,Spanish,2010,2021-08-12,R,151,,7.2,11594,68.28
N01277,The Gray Man 1277,Movie,Documentary,Australia,French,2017,2021-12-10,TV-MA,171,,5.4,49939,27.08
N01278,The Night Agent,Movie,Crime,South Korea,English,2007,2021-07-27,PG,122,,7.5,26974,33.13
N01279,Elite,TV Show,Horror,United Kingdom,Tamil,2016,2020-07-13,TV-G,29,4.0,8.3,12258,105.17
N01280,Lucifer 1280,Movie,Horror,France,Spanish,2019,2025-01-09,PG-13,179,,8.2,16972,21.84
N01281,Red Notice 1281,Movie,Action,United Kingdom,Tamil,2012,2024-10-20,PG-13,127,,8.1,8196,178.84
N01282,All Quiet on the Western Front 1282,Movie,Animation,Spain,German,2023,2023-10-06,TV-PG,126,,6.7,12939,35.64
N01283,The Umbrella Academy 1283,TV Show,Drama,South Korea,Korean,2013,2024-02-05,PG-13,58,4.0,7.5,6942,69.47
N01284,Sex Education,Movie,Drama,India,Korean,2000,2020-05-24,TV-14,83,,7.5,17382,66.22
N01285,You 1285,Movie,Drama,Japan,Spanish,2003,2022-01-11,PG-13,160,,5.8,96688,25.37
N01286,Andhadhun,Movie,Thriller,Canada,English,2005,2025-06-13,PG-13,91,,6.9,2292,39.07
N01287,Squid Game,TV Show,Sci-Fi,Canada,Japanese,2002,2020-05-08,PG,56,6.0,7.1,22662,7.05
N01288,The Witcher,Movie,Action,Canada,English,2003,2020-08-16,TV-G,115,,9.1,15005,6.39
N01289,Extraction 1289,Movie,Comedy,Germany,Hindi,2005,2024-04-17,TV-G,80,,7.8,14882,44.04
N01290,The Night Agent 1290,Movie,Drama,Japan,German,2014,2023-01-15,G,145,,7.0,16520,14.88
N01291,Money Heist,TV Show,Thriller,Canada,French,2024,2020-08-23,R,58,2.0,9.0,316085,27.81
N01292,Bridgerton 1292,TV Show,Horror,Australia,Hindi,2005,2022-08-09,PG,20,6.0,6.8,17817,34.99
N01293,Sex Education 1293,TV Show,Crime,Canada,Hindi,2019,2024-05-01,R,20,5.0,7.0,26099,2.34
N01294,Bird Box 1294,Movie,Horror,United Kingdom,Tamil,2025,2025-05-21,TV-MA,80,,8.3,9874,172.82
N01295,Ozark 1295,Movie,Horror,United States,Korean,2017,2025-04-11,G,163,,7.5,37125,110.75
N01296,The Irishman,Movie,Thriller,Australia,German,2001,2020-09-24,TV-G,139,,7.6,105677,100.33
N01297,The Umbrella Academy 1297,TV Show,Animation,United Kingdom,Spanish,2001,2023-07-04,TV-14,38,4.0,8.3,2187,133.12
N01298,Enola Holmes 1298,Movie,Horror,Canada,English,2008,2022-08-26,PG-13,159,,7.3,32298,59.08
N01299,Wednesday,Movie,Thriller,Australia,Spanish,2010,2025-04-03,TV-G,136,,8.1,10058,21.65
N01300,Glass Onion,TV Show,Crime,India,Spanish,2009,2023-03-08,TV-PG,46,8.0,6.2,119289,75.84
N01301,Drishyam 1301,TV Show,Crime,United States,German,2018,2020-04-13,G,28,6.0,5.4,8429,53.99
N01302,Kantara 1302,Movie,Crime,Japan,Hindi,2001,2025-11-14,PG,80,,8.9,6020,26.73
N01303,The Queen's Gambit 1303,TV Show,Horror,Australia,French,2019,2021-12-07,TV-G,29,6.0,8.3,40917,94.12
N01304,12th Fail 1304,TV Show,Sci-Fi,Australia,Tamil,2018,2020-03-28,TV-G,45,1.0,8.2,4249,62.02
N01305,Extraction 1305,Movie,Documentary,Canada,Korean,2015,2024-02-04,TV-MA,163,,7.0,7630,38.35
N01306,Enola Holmes,Movie,Horror,Australia,Tamil,2003,2021-03-20,TV-PG,111,,7.7,14926,32.15
N01307,Sex Education,Movie,Animation,Germany,Tamil,2015,2020-08-01,PG,128,,8.3,19738,54.36
N01308,Bird Box 1308,Movie,Action,France,English,2020,2020-06-07,TV-MA,83,,7.5,102204,11.26
N01309,Sex Education 1309,Movie,Comedy,France,Hindi,2007,2021-04-19,TV-PG,91,,6.6,21336,26.85
N01310,Andhadhun 1310,Movie,Documentary,United States,Hindi,2018,2025-09-21,G,167,,7.0,55324,28.25
N01311,All Quiet on the Western Front 1311,Movie,Documentary,France,Tamil,2023,2024-01-12,TV-G,155,,6.2,20927,61.87
N01312,The Irishman 1312,Movie,Thriller,Germany,German,2005,2021-04-07,PG-13,78,,6.5,8914,12.91
N01313,The Adam Project,Movie,Sci-Fi,Japan,Korean,2019,2021-07-26,TV-G,146,,7.1,68007,20.56
N01314,Money Heist 1314,Movie,Action,South Korea,Spanish,2018,2021-11-06,TV-MA,118,,6.5,7678,3.69
N01315,Dark 1315,Movie,Drama,India,Spanish,2008,2024-01-26,TV-G,113,,6.5,50243,19.29
N01316,Andhadhun 1316,Movie,Comedy,Canada,Hindi,2010,2021-09-08,TV-14,131,,7.3,238358,10.51
N01317,Dark 1317,Movie,Crime,South Korea,Tamil,2022,2025-09-23,TV-MA,102,,7.6,18853,29.27
N01318,Bridgerton 1318,TV Show,Documentary,Germany,English,2012,2025-08-26,PG,39,3.0,6.9,6497,9.56
N01319,Andhadhun 1319,TV Show,Sci-Fi,South Korea,English,2004,2023-03-01,TV-MA,49,7.0,8.3,14869,22.78
N01320,Roma 1320,Movie,Thriller,Spain,Japanese,2012,2022-10-16,R,84,,7.2,44268,14.99
N01321,Jawan 1321,Movie,Animation,Australia,Tamil,2006,2020-10-24,TV-PG,84,,6.4,265274,129.09
N01322,Black Mirror 1322,TV Show,Documentary,Australia,Korean,2000,2024-05-13,TV-14,47,5.0,5.6,87522,10.48
N01323,Lucifer 1323,Movie,Horror,Australia,German,2005,2023-12-23,PG-13,75,,6.5,45368,20.74
N01324,Enola Holmes 1324,Movie,Animation,Spain,German,2006,2025-09-23,TV-G,156,,5.2,47864,29.82
N01325,Manifest 1325,Movie,Horror,Spain,Hindi,2016,2023-09-02,G,117,,8.5,7884,34.91
N01326,The Night Agent 1326,Movie,Thriller,South Korea,Tamil,2023,2020-11-11,G,148,,8.8,34083,8.01
N01327,Narcos 1327,Movie,Documentary,Australia,English,2019,2024-01-19,PG-13,100,,7.1,140199,90.59
N01328,Glass Onion 1328,Movie,Crime,United Kingdom,Japanese,2012,2022-08-22,G,132,,6.1,5055,20.87
N01329,Glass Onion,Movie,Romance,Germany,Spanish,2024,2022-11-02,TV-PG,141,,5.3,7934,21.07
N01330,Manifest 1330,Movie,Romance,South Korea,English,2012,2021-04-07,G,150,,9.2,17893,5.01
N01331,The Night Agent,TV Show,Drama,Spain,Spanish,2013,2021-09-21,G,22,5.0,7.3,61677,113.14
N01332,Stranger Things 1332,Movie,Romance,United States,Tamil,2001,2025-02-27,TV-G,83,,5.3,36422,57.85
N01333,Sex Education 1333,Movie,Sci-Fi,United Kingdom,French,2018,2020-08-07,TV-PG,109,,7.4,10545,13.26
N01334,The Irishman 1334,TV Show,Sci-Fi,South Korea,English,2012,2021-12-20,PG,41,1.0,6.3,6545,44.16
N01335,The Crown,Movie,Drama,Japan,German,2020,2021-05-05,TV-MA,153,,7.8,296123,8.26
N01336,Dark 1336,Movie,Sci-Fi,Germany,Tamil,2018,2025-05-22,PG-13,89,,6.8,23820,25.16
N01337,Glass Onion 1337,Movie,Horror,United Kingdom,Spanish,2016,2021-11-25,R,110,,7.4,245277,170.03
N01338,Darlings 1338,Movie,Drama,Canada,Japanese,2013,2024-04-04,TV-G,133,,6.3,54422,40.14
N01339,Bridgerton 1339,Movie,Crime,France,German,2000,2024-09-05,PG,178,,7.5,64016,49.16
N01340,All Quiet on the Western Front 1340,TV Show,Romance,Canada,Spanish,2012,2021-11-16,TV-14,46,3.0,8.1,33277,49.9
N01341,The Irishman,Movie,Animation,United States,French,2016,2022-12-18,TV-G,179,,8.9,5047,34.13
N01342,Kantara 1342,Movie,Documentary,Germany,Hindi,2017,2024-09-20,TV-MA,115,,6.8,41418,70.95
N01343,Drishyam 1343,TV Show,Thriller,Germany,Korean,2023,2024-05-18,TV-G,43,7.0,6.2,4928,4.91
N01344,The Crown 1344,Movie,Drama,United Kingdom,French,2016,2025-02-18,TV-14,98,,6.9,21255,49.61
N01345,RRR 1345,Movie,Horror,Spain,English,2018,2023-07-23,TV-MA,78,,5.9,50094,358.71
N01346,Jawan 1346,TV Show,Sci-Fi,Australia,Tamil,2001,2025-05-20,TV-G,44,4.0,5.6,6639,7.68
N01347,Roma 1347,TV Show,Romance,United States,English,2007,2023-08-08,TV-14,34,4.0,6.3,27920,33.71
N01348,Bridgerton 1348,TV Show,Thriller,India,German,2025,2024-10-22,R,22,6.0,7.4,15841,11.44
N01349,Wednesday,Movie,Documentary,South Korea,Hindi,2022,2021-04-21,TV-PG,114,,7.8,27521,97.08
N01350,Roma 1350,TV Show,Crime,Spain,German,2006,2024-08-18,TV-MA,24,1.0,7.2,40769,148.2
N01351,The Irishman,TV Show,Thriller,South Korea,Japanese,2004,2020-02-14,R,34,7.0,7.4,15094,35.91
N01352,You 1352,TV Show,Romance,Germany,Spanish,2019,2025-08-08,TV-14,42,8.0,5.8,8891,248.11
N01353,Elite,Movie,Thriller,United States,Korean,2017,2021-05-03,G,95,,8.1,15891,49.7
N01354,All Quiet on the Western Front 1354,TV Show,Romance,India,Korean,2023,2022-05-26,G,47,7.0,8.3,35041,17.11
N01355,Narcos 1355,TV Show,Documentary,France,Tamil,2022,2020-08-01,TV-PG,60,8.0,7.2,82532,37.32
N01356,The Witcher,Movie,Action,India,Korean,2005,2022-05-22,TV-G,111,,7.4,27713,33.76
N01357,Manifest 1357,Movie,Animation,South Korea,Korean,2001,2021-01-26,PG-13,91,,7.2,25664,52.38
N01358,The Umbrella Academy 1358,Movie,Romance,United States,Tamil,2020,2023-08-15,TV-14,89,,6.4,40885,10.01
N01359,Money Heist,Movie,Crime,France,Spanish,2012,2021-03-22,R,97,,6.7,9549,23.59
N01360,Roma 1360,Movie,Horror,United States,Hindi,2018,2022-03-21,PG,77,,7.1,71207,28.42
N01361,The Irishman,Movie,Comedy,South Korea,Japanese,2012,2021-07-27,TV-MA,125,,6.7,2095,18.67
N01362,The Gray Man 1362,Movie,Thriller,Germany,French,2012,2022-10-25,PG-13,171,,8.2,59881,5.0
N01363,Extraction,Movie,Sci-Fi,France,French,2015,2020-12-24,R,97,,7.4,3466,32.52
N01364,Sex Education 1364,TV Show,Documentary,South Korea,German,2025,2021-04-03,PG,31,4.0,6.4,83087,35.27
N01365,All Quiet on the Western Front 1365,TV Show,Crime,India,French,2008,2021-02-05,TV-MA,64,8.0,6.3,32775,22.74
N01366,Kantara 1366,Movie,Romance,South Korea,French,2018,2024-01-02,TV-14,99,,7.7,9879,26.51
N01367,Stranger Things,TV Show,Sci-Fi,Japan,German,2017,2024-02-18,TV-G,60,2.0,7.5,8839,28.38
N01368,Drishyam 1368,Movie,Crime,Spain,English,2019,2021-07-27,R,81,,7.3,16188,17.6
N01369,The Witcher 1369,Movie,Comedy,Canada,Hindi,2025,2022-03-01,G,96,,7.5,21969,5.15
N01370,Enola Holmes,Movie,Comedy,Canada,Tamil,2001,2021-04-28,PG-13,87,,6.8,7852,35.79
N01371,The Crown 1371,Movie,Documentary,United States,Hindi,2004,2025-12-20,TV-MA,122,,7.8,156908,15.52
N01372,Kantara 1372,TV Show,Thriller,South Korea,Tamil,2003,2020-04-06,R,61,3.0,7.2,29297,35.2
N01373,Stranger Things 1373,TV Show,Romance,France,Spanish,2008,2022-10-17,G,39,8.0,6.7,13539,14.07
N01374,Darlings 1374,Movie,Action,United States,Korean,2008,2022-11-19,TV-PG,133,,6.3,79820,19.35
N01375,The Gray Man 1375,Movie,Thriller,Canada,Spanish,2015,2022-04-28,TV-MA,83,,5.7,18092,21.5
N01376,Roma 1376,Movie,Crime,South Korea,Japanese,2013,2023-07-24,TV-PG,122,,7.9,6141,20.24
N01377,The Umbrella Academy 1377,Movie,Thriller,Spain,Tamil,2010,2023-10-05,PG,106,,5.8,83064,34.24
N01378,Drishyam,Movie,Comedy,United Kingdom,Korean,2015,2022-05-07,PG,100,,6.3,206055,53.71
N01379,Cobra Kai 1379,Movie,Horror,France,Hindi,2010,2023-02-12,R,147,,7.0,22224,47.66
N01380,The Crown 1380,Movie,Comedy,India,German,2016,2021-08-05,G,86,,8.2,10293,71.89
N01381,Narcos 1381,Movie,Action,United States,Japanese,2022,2023-04-19,PG,101,,7.7,90012,22.91
N01382,Manifest 1382,TV Show,Crime,United Kingdom,French,2014,2023-04-27,R,60,3.0,6.7,16601,7.05
N01383,Glass Onion 1383,Movie,Action,Australia,Tamil,2014,2025-05-19,TV-G,160,,7.8,16600,30.84
N01384,The Witcher 1384,Movie,Sci-Fi,United States,Tamil,2013,2020-03-12,TV-MA,151,,6.1,5599,14.81
N01385,Ozark 1385,Movie,Thriller,Australia,Japanese,2024,2024-02-10,TV-MA,136,,5.8,12284,102.9
N01386,Stranger Things 1386,TV Show,Documentary,India,Japanese,2017,2024-11-23,TV-14,36,2.0,6.1,111519,17.72
N01387,Money Heist,TV Show,Documentary,United Kingdom,Hindi,2001,2024-10-02,R,27,7.0,7.2,38007,23.49
N01388,Ozark,Movie,Thriller,South Korea,French,2003,2021-02-14,TV-MA,94,,6.8,27307,15.54
N01389,RRR,Movie,Comedy,Germany,Hindi,2018,2021-03-26,TV-14,164,,8.1,20896,51.77
N01390,Bridgerton 1390,Movie,Drama,United Kingdom,Japanese,2009,2020-02-05,TV-G,141,,5.2,13051,63.55
N01391,The Umbrella Academy,TV Show,Romance,United Kingdom,Hindi,2009,2021-09-26,TV-14,44,5.0,8.8,9860,77.36
N01392,Narcos 1392,Movie,Sci-Fi,South Korea,French,2020,2022-01-03,R,106,,5.9,34700,36.11
N01393,Extraction,Movie,Thriller,Canada,Spanish,2010,2022-03-25,TV-G,107,,8.2,18234,21.71
N01394,The Night Agent 1394,TV Show,Drama,United Kingdom,French,2002,2023-07-20,PG,65,8.0,7.4,38791,44.92
N01395,Squid Game 1395,Movie,Thriller,United States,Spanish,2019,2023-11-24,TV-14,139,,7.4,15172,13.64
N01396,Money Heist 1396,Movie,Crime,United Kingdom,Hindi,2012,2022-11-09,TV-14,76,,7.1,60163,22.02
N01397,Glass Onion 1397,TV Show,Crime,Spain,Tamil,2000,2024-10-02,PG,26,1.0,5.6,70523,82.3
N01398,You 1398,TV Show,Comedy,Germany,Spanish,2025,2021-03-18,PG-13,52,2.0,5.2,11652,28.27
N01399,Money Heist 1399,Movie,Action,South Korea,Japanese,2017,2023-10-26,TV-14,75,,7.7,17947,37.42
N01400,Squid Game,Movie,Comedy,India,Spanish,2025,2025-09-19,PG-13,174,,7.1,100443,53.73
N01401,The Crown,TV Show,Crime,South Korea,Hindi,2000,2020-05-04,PG,21,3.0,8.0,30220,76.28
N01402,The Queen's Gambit,TV Show,Romance,Japan,Japanese,2022,2023-09-14,TV-G,52,2.0,7.9,9762,62.15
N01403,RRR,Movie,Action,Spain,English,2020,2025-04-15,TV-14,103,,7.4,28116,36.36
N01404,The Adam Project 1404,Movie,Thriller,Australia,French,2003,2024-06-12,TV-G,151,,7.1,130724,6.06
N01405,Kantara,TV Show,Animation,South Korea,Tamil,2018,2020-07-03,TV-MA,39,6.0,6.9,50489,33.78
N01406,Squid Game 1406,Movie,Sci-Fi,Japan,German,2013,2023-02-08,G,85,,6.8,3115,3.75
N01407,You 1407,Movie,Documentary,Australia,Tamil,2002,2022-05-10,TV-G,167,,7.3,12467,30.74
N01408,Jawan 1408,TV Show,Action,Canada,English,2015,2020-05-03,TV-G,36,3.0,6.8,32578,17.84
N01409,RRR 1409,TV Show,Comedy,Canada,Tamil,2009,2020-03-09,PG-13,38,1.0,5.8,21484,32.68
N01410,Elite 1410,Movie,Thriller,Japan,Hindi,2001,2022-11-18,PG-13,112,,8.8,14159,142.51
N01411,You 1411,Movie,Drama,South Korea,Spanish,2007,2021-01-10,TV-14,87,,8.7,37843,40.78
N01412,Stranger Things 1412,Movie,Action,India,Tamil,2017,2021-03-27,TV-PG,152,,7.2,18659,11.76
N01413,Cobra Kai 1413,TV Show,Comedy,Japan,Korean,2006,2021-06-20,R,62,1.0,6.1,4551,10.72
N01414,The Night Agent 1414,Movie,Comedy,Australia,German,2015,2020-09-24,TV-PG,118,,6.5,44918,23.12
N01415,Ozark 1415,Movie,Documentary,United States,Spanish,2019,2025-04-03,G,174,,6.8,286335,15.55
N01416,Roma,Movie,Sci-Fi,Spain,English,2014,2025-02-20,PG,111,,5.8,56408,20.53
N01417,Red Notice 1417,TV Show,Thriller,Australia,Spanish,2011,2025-08-21,G,65,7.0,6.9,5947,28.27
N01418,Dark 1418,Movie,Animation,United Kingdom,English,2000,2021-03-08,TV-14,82,,6.6,48722,48.68
N01419,The Umbrella Academy 1419,Movie,Sci-Fi,Spain,German,2012,2020-09-12,PG-13,106,,6.6,7423,39.88
N01420,Manifest 1420,Movie,Crime,Spain,Spanish,2004,2024-05-07,TV-MA,138,,6.1,92276,22.39
N01421,Dark 1421,Movie,Thriller,Germany,Korean,2023,2021-05-14,TV-PG,106,,7.7,3547,43.19
N01422,The Umbrella Academy 1422,Movie,Horror,France,German,2020,2023-06-19,TV-14,137,,5.6,19946,32.52
N01423,Enola Holmes 1423,TV Show,Thriller,Spain,Japanese,2010,2021-07-15,R,42,3.0,7.3,140657,8.04
N01424,Bird Box,TV Show,Comedy,United Kingdom,Tamil,2011,2022-07-20,TV-G,35,8.0,7.3,703,18.5
N01425,Glass Onion 1425,TV Show,Horror,Germany,Spanish,2008,2022-01-14,PG-13,43,2.0,5.8,10608,62.06
N01426,RRR,TV Show,Romance,France,Spanish,2013,2024-04-24,TV-PG,28,8.0,6.9,29738,7.99
N01427,Lucifer,TV Show,Sci-Fi,Australia,Spanish,2019,2021-05-16,TV-G,62,6.0,7.1,3696,2.23
N01428,Wednesday 1428,Movie,Drama,South Korea,German,2022,2020-04-08,PG-13,141,,6.3,61107,84.19
N01429,Enola Holmes 1429,Movie,Horror,United Kingdom,German,2014,2023-12-15,TV-MA,83,,7.1,297233,47.79
N01430,Black Mirror,Movie,Thriller,United Kingdom,Tamil,2013,2022-09-07,R,139,,6.4,77596,65.57
N01431,The Gray Man 1431,TV Show,Crime,Germany,English,2006,2022-11-22,PG,60,2.0,6.6,162415,42.96
N01432,Wednesday 1432,Movie,Crime,Australia,Hindi,2009,2021-03-09,TV-PG,147,,6.2,5147,20.44
N01433,Wednesday 1433,TV Show,Animation,Japan,Korean,2002,2024-12-17,TV-MA,65,1.0,5.8,16959,2.12
N01434,Ozark 1434,Movie,Comedy,United States,French,2020,2021-09-21,TV-14,140,,8.2,14896,8.51
N01435,The Adam Project 1435,Movie,Thriller,Germany,Tamil,2020,2022-08-04,TV-G,126,,6.7,27281,37.19
N01436,Kantara,TV Show,Horror,South Korea,Korean,2014,2023-12-04,G,26,7.0,7.7,34632,14.46
N01437,Kantara,Movie,Horror,France,Korean,2011,2025-04-06,G,149,,5.6,34749,82.53
N01438,The Adam Project 1438,Movie,Romance,United States,German,2001,2025-03-18,TV-PG,150,,7.7,13195,17.57
N01439,Darlings 1439,Movie,Thriller,Australia,French,2007,2024-01-03,TV-PG,87,,6.1,27590,17.03
N01440,All Quiet on the Western Front,Movie,Crime,France,Spanish,2008,2023-07-14,R,95,,5.7,34195,63.53
N01441,You,Movie,Romance,United States,German,2002,2023-08-15,TV-14,146,,7.2,50129,19.42
N01442,Wednesday 1442,Movie,Horror,South Korea,English,2024,2023-02-05,TV-14,124,,7.4,11917,94.41
N01443,Roma 1443,Movie,Documentary,United Kingdom,German,2004,2020-10-27,G,159,,7.5,22092,101.82
N01444,All Quiet on the Western Front 1444,TV Show,Animation,Australia,Tamil,2021,2022-01-20,G,42,7.0,8.3,35940,16.53
N01445,Bird Box 1445,Movie,Thriller,South Korea,Korean,2007,2023-10-07,PG-13,161,,7.0,38491,19.4
N01446,Manifest 1446,Movie,Animation,India,German,2002,2025-04-14,TV-MA,77,,6.8,53051,37.16
N01447,Drishyam 1447,TV Show,Sci-Fi,Australia,Korean,2010,2025-05-28,TV-G,22,3.0,8.5,7143,25.96
N01448,Bridgerton 1448,TV Show,Sci-Fi,Spain,Spanish,2019,2020-05-19,G,65,4.0,8.3,75839,15.93
N01449,Squid Game,Movie,Documentary,France,English,2002,2021-02-16,PG-13,161,,7.1,27392,142.52
N01450,RRR,TV Show,Crime,Canada,Spanish,2013,2022-01-02,TV-MA,36,3.0,8.9,6315,14.8
N01451,Narcos 1451,Movie,Action,United States,Tamil,2023,2025-04-24,TV-MA,180,,5.7,21015,56.42
N01452,Bridgerton,TV Show,Thriller,Japan,English,2022,2020-12-02,TV-MA,58,4.0,6.6,14585,42.12
N01453,The Night Agent 1453,Movie,Animation,Japan,Hindi,2019,2022-09-20,PG-13,104,,7.9,28723,405.36
N01454,Glass Onion 1454,Movie,Animation,Japan,Tamil,2001,2021-09-21,TV-MA,129,,7.4,8058,12.66
N01455,All Quiet on the Western Front,Movie,Comedy,United Kingdom,English,2025,2022-12-08,TV-14,164,,8.3,23157,52.54
N01456,The Witcher,TV Show,Drama,Canada,Hindi,2002,2025-05-05,G,48,5.0,6.9,101876,29.78
N01457,Black Mirror,Movie,Crime,Canada,Korean,2015,2023-04-14,TV-PG,125,,6.1,16919,7.65
N01458,Jawan 1458,Movie,Crime,United Kingdom,English,2023,2024-12-23,R,130,,5.8,23571,36.37
N01459,Cobra Kai 1459,Movie,Comedy,France,French,2012,2024-09-04,PG-13,134,,7.8,174072,35.37
N01460,Bird Box,Movie,Sci-Fi,Germany,English,2019,2022-01-03,PG,99,,6.9,23802,24.27
N01461,Bridgerton 1461,Movie,Comedy,France,German,2014,2020-11-04,PG,125,,6.5,127380,98.45
N01462,Drishyam,Movie,Drama,Canada,German,2001,2022-11-15,TV-MA,141,,8.0,35474,46.9
N01463,The Crown 1463,Movie,Drama,United Kingdom,Tamil,2020,2025-11-20,TV-PG,96,,6.9,42872,45.84
N01464,You 1464,Movie,Action,Japan,English,2005,2020-08-21,R,146,,6.9,86664,17.06
N01465,Manifest 1465,Movie,Documentary,United Kingdom,English,2004,2025-06-16,TV-14,105,,8.1,21940,77.73
N01466,The Gray Man 1466,TV Show,Documentary,South Korea,German,2024,2021-06-21,PG,63,8.0,6.3,14205,163.3
N01467,Jawan 1467,Movie,Thriller,South Korea,Korean,2011,2025-12-28,PG,180,,6.8,17820,35.92
N01468,You,Movie,Documentary,Spain,Tamil,2025,2023-04-14,G,145,,7.3,49883,96.2
N01469,Glass Onion 1469,TV Show,Romance,Japan,Korean,2016,2025-11-09,PG,52,5.0,8.0,86269,31.26
N01470,Money Heist 1470,Movie,Crime,Australia,Spanish,2023,2024-05-13,TV-G,177,,8.5,449443,52.12
N01471,Red Notice 1471,Movie,Drama,Germany,English,2000,2021-09-01,TV-14,109,,7.2,24757,126.8
N01472,Dark 1472,Movie,Horror,Canada,Spanish,2010,2023-10-09,R,118,,7.5,2456,35.0
N01473,You 1473,TV Show,Sci-Fi,Australia,Tamil,2024,2022-03-15,PG,56,1.0,8.0,44058,5.01
N01474,The Umbrella Academy 1474,Movie,Crime,United Kingdom,French,2013,2022-05-11,TV-14,138,,5.8,67545,59.8
N01475,Sex Education,Movie,Crime,United States,French,2024,2022-06-25,R,160,,7.5,48898,21.6
N01476,The Queen's Gambit 1476,Movie,Drama,France,Tamil,2022,2020-03-28,TV-14,100,,5.4,11120,82.56
N01477,Jawan 1477,Movie,Romance,France,Japanese,2015,2024-02-17,TV-G,171,,6.7,207041,18.85
N01478,Cobra Kai 1478,Movie,Animation,Australia,French,2000,2020-07-24,TV-G,130,,5.5,118478,9.48
N01479,The Witcher 1479,TV Show,Romance,United States,Spanish,2009,2021-05-26,R,48,4.0,6.7,106770,89.98
N01480,Cobra Kai 1480,TV Show,Horror,Spain,Tamil,2016,2022-06-02,PG-13,23,3.0,5.6,99184,64.9
N01481,Extraction 1481,Movie,Thriller,India,Japanese,2025,2024-01-24,PG,153,,7.0,17439,23.21
N01482,Bridgerton 1482,Movie,Comedy,Spain,English,2006,2025-11-28,PG-13,153,,7.5,64124,16.27
N01483,Black Mirror,Movie,Sci-Fi,Germany,Tamil,2018,2022-02-15,R,161,,7.9,14801,42.74
N01484,Squid Game,TV Show,Comedy,France,Spanish,2016,2020-10-18,R,51,4.0,7.9,4292,141.84
N01485,Manifest 1485,Movie,Romance,Germany,French,2002,2024-12-20,TV-14,75,,7.2,49960,31.29
N01486,The Gray Man,Movie,Drama,South Korea,Korean,2006,2024-08-18,TV-MA,91,,8.0,16822,57.07
N01487,All Quiet on the Western Front 1487,TV Show,Documentary,Canada,French,2023,2022-11-03,PG-13,20,4.0,7.4,14704,39.16
N01488,The Adam Project,Movie,Horror,Spain,Hindi,2013,2021-04-09,G,81,,6.6,8753,13.98
N01489,The Umbrella Academy,Movie,Documentary,United Kingdom,Hindi,2017,2025-07-17,TV-14,79,,7.2,31389,21.96
N01490,Darlings 1490,TV Show,Crime,Japan,Korean,2020,2025-07-20,TV-MA,63,2.0,7.3,22730,36.56
N01491,Stranger Things,Movie,Animation,South Korea,German,2016,2020-07-08,PG,81,,6.4,19648,43.76
N01492,Narcos 1492,Movie,Drama,Spain,Hindi,2025,2024-05-26,PG,142,,6.2,71783,10.88
N01493,Cobra Kai 1493,Movie,Crime,Australia,German,2011,2023-12-22,TV-14,129,,5.8,16256,13.31
N01494,Enola Holmes 1494,Movie,Horror,Spain,Tamil,2021,2023-09-08,TV-MA,126,,7.2,22144,22.04
N01495,Manifest 1495,Movie,Thriller,Germany,Tamil,2015,2020-05-10,G,162,,7.9,101741,15.39
N01496,The Witcher 1496,TV Show,Sci-Fi,France,Japanese,2005,2021-11-22,TV-14,24,8.0,7.7,12769,10.08
N01497,The Queen's Gambit 1497,Movie,Horror,Japan,Tamil,2009,2022-07-18,G,136,,7.7,29991,93.38
N01498,Elite 1498,Movie,Drama,Japan,Tamil,2015,2025-04-23,TV-14,162,,7.6,15551,18.4
N01499,The Queen's Gambit 1499,TV Show,Action,United Kingdom,English,2018,2023-12-22,PG-13,34,5.0,7.3,46557,9.66
N01500,12th Fail 1500,Movie,Horror,Germany,Hindi,2002,2023-12-19,G,99,,5.6,7065,19.5
N01501,Roma 1501,Movie,Romance,Germany,English,2015,2022-03-28,PG-13,111,,5.6,107467,10.97
N01502,Drishyam,Movie,Comedy,South Korea,Hindi,2003,2020-07-03,TV-G,141,,6.8,31400,18.47
N01503,Roma,Movie,Romance,France,Spanish,2025,2025-07-04,G,121,,7.3,9295,10.42
N01504,Wednesday 1504,Movie,Crime,Japan,Tamil,2019,2024-03-23,TV-MA,102,,6.7,25492,5.33
N01505,The Umbrella Academy,Movie,Drama,Germany,Tamil,2006,2020-04-03,TV-G,103,,9.4,6218,43.78
N01506,Red Notice 1506,Movie,Romance,South Korea,Japanese,2016,2022-09-25,TV-PG,161,,8.3,50489,63.97
N01507,Extraction,Movie,Crime,Japan,Hindi,2010,2023-05-03,PG-13,116,,6.1,47180,39.07
N01508,The Queen's Gambit 1508,Movie,Documentary,Germany,French,2002,2022-02-27,R,104,,5.2,43924,7.26
N01509,The Irishman 1509,TV Show,Documentary,Canada,Japanese,2017,2022-10-18,TV-G,59,1.0,7.1,117761,34.43
N01510,Bridgerton 1510,Movie,Drama,Spain,Tamil,2008,2023-09-03,TV-14,99,,7.8,305496,24.92
N01511,The Night Agent 1511,TV Show,Animation,Germany,Hindi,2006,2025-10-17,R,28,3.0,7.3,3044,46.15
N01512,You 1512,TV Show,Crime,Japan,Japanese,2001,2024-05-05,TV-MA,61,5.0,7.9,11938,6.5
N01513,Extraction 1513,Movie,Thriller,Canada,Tamil,2008,2022-01-20,PG,159,,8.2,22364,54.33
N01514,Black Mirror 1514,Movie,Romance,Japan,Japanese,2015,2022-02-22,TV-MA,79,,7.1,50425,11.89
N01515,Money Heist,Movie,Crime,India,Spanish,2005,2021-08-13,G,150,,6.2,15886,6.09
N01516,The Queen's Gambit 1516,Movie,Crime,Australia,Hindi,2021,2020-11-27,R,124,,5.5,12398,21.29
N01517,Glass Onion 1517,Movie,Animation,Japan,Korean,2000,2021-05-22,R,170,,7.2,8319,25.6
N01518,Bird Box,TV Show,Thriller,Germany,Japanese,2008,2021-05-08,PG-13,22,7.0,6.2,57383,75.65
N01519,Drishyam 1519,Movie,Action,Spain,French,2019,2024-05-16,TV-MA,119,,6.9,13486,115.81
N01520,Money Heist 1520,Movie,Animation,France,Japanese,2013,2023-02-26,R,135,,7.2,15667,88.14
N01521,Kantara 1521,Movie,Animation,Australia,Tamil,2024,2023-08-19,PG,126,,6.7,27760,86.08
N01522,Roma,Movie,Comedy,Germany,Hindi,2013,2020-01-25,R,85,,7.4,411500,129.71
N01523,The Witcher,TV Show,Sci-Fi,India,Tamil,2008,2023-11-10,PG,24,7.0,6.5,16455,12.68
N01524,The Night Agent 1524,Movie,Action,Japan,French,2023,2020-11-11,G,141,,7.9,15717,45.79
N01525,12th Fail,Movie,Animation,Japan,Spanish,2022,2022-08-04,PG,135,,6.2,2219,73.43
N01526,Sex Education,TV Show,Romance,United States,Hindi,2004,2025-07-25,R,31,7.0,7.1,12627,59.9
N01527,Bridgerton 1527,Movie,Animation,Japan,English,2009,2020-03-15,G,119,,7.1,30435,22.41
N01528,The Gray Man,Movie,Animation,Japan,French,2002,2023-03-02,R,81,,6.1,57518,35.59
N01529,12th Fail 1529,TV Show,Documentary,South Korea,Hindi,2006,2025-03-07,R,65,4.0,6.7,36840,64.98
N01530,Roma,Movie,Crime,India,Japanese,2021,2022-06-15,TV-G,103,,6.4,20123,104.69
N01531,Bird Box,TV Show,Crime,United Kingdom,Japanese,2005,2025-05-21,R,36,8.0,5.4,22938,79.13
N01532,Cobra Kai,TV Show,Romance,United Kingdom,German,2016,2023-08-14,TV-G,36,1.0,8.4,83962,25.25
N01533,The Adam Project 1533,Movie,Action,United States,German,2008,2021-11-25,R,113,,8.0,25077,38.69
N01534,Enola Holmes 1534,Movie,Drama,United States,French,2018,2025-09-05,R,176,,6.7,36192,299.81
N01535,Black Mirror,TV Show,Documentary,Canada,Tamil,2023,2023-01-21,TV-MA,31,4.0,7.1,149762,25.13
N01536,Dark,TV Show,Documentary,Germany,Hindi,2001,2024-12-25,G,57,6.0,9.5,44468,266.15
N01537,Sex Education 1537,TV Show,Comedy,Spain,German,2002,2023-07-03,G,45,7.0,8.5,27411,8.47
N01538,Drishyam,Movie,Drama,South Korea,Spanish,2021,2025-10-01,TV-PG,175,,8.1,137323,18.89
N01539,Darlings 1539,TV Show,Crime,Canada,Korean,2011,2024-09-14,PG-13,38,1.0,8.2,97586,60.11
N01540,Roma 1540,TV Show,Documentary,United States,Korean,2002,2021-09-19,TV-14,22,5.0,6.8,18654,9.44
N01541,Red Notice 1541,Movie,Horror,Canada,Hindi,2023,2024-12-22,G,157,,7.5,15954,11.6
N01542,Bird Box 1542,Movie,Sci-Fi,South Korea,Korean,2015,2022-07-25,TV-PG,93,,7.9,10687,30.31
N01543,Extraction 1543,Movie,Romance,Japan,English,2002,2024-09-10,TV-14,145,,9.0,63354,15.69
N01544,Ozark 1544,TV Show,Crime,Canada,Hindi,2017,2024-04-10,TV-14,59,3.0,6.4,15216,21.7
N01545,Lucifer 1545,Movie,Drama,United States,Japanese,2022,2021-02-23,TV-PG,165,,9.3,8460,22.97
N01546,Bridgerton 1546,Movie,Thriller,United States,Japanese,2023,2025-07-03,R,99,,6.9,340836,16.39
N01547,The Witcher 1547,Movie,Romance,Canada,English,2010,2024-12-14,TV-PG,143,,7.1,8859,15.9
N01548,Sex Education 1548,Movie,Romance,Canada,Hindi,2009,2024-12-06,TV-14,177,,7.3,19322,47.83
N01549,The Witcher 1549,Movie,Animation,South Korea,Tamil,2019,2025-07-23,TV-14,88,,6.8,17760,64.14
N01550,Jawan 1550,Movie,Horror,United Kingdom,Spanish,2024,2021-11-03,TV-G,143,,7.3,11000,53.91
N01551,Bridgerton,Movie,Crime,United Kingdom,English,2020,2020-06-19,R,148,,6.5,77371,14.57
N01552,The Crown 1552,Movie,Romance,Germany,English,2025,2025-11-15,PG,100,,6.3,11582,37.7
N01553,Money Heist 1553,Movie,Sci-Fi,United Kingdom,French,2019,2025-09-26,TV-MA,117,,7.0,24761,36.86
N01554,The Queen's Gambit,TV Show,Horror,France,German,2004,2023-12-20,TV-PG,42,5.0,7.6,5764,14.85
N01555,Extraction,Movie,Drama,South Korea,French,2018,2023-03-08,TV-G,87,,7.9,15518,44.92
N01556,The Gray Man 1556,Movie,Sci-Fi,France,English,2016,2023-11-05,PG-13,105,,6.1,9965,185.85
N01557,Bridgerton,TV Show,Comedy,India,English,2000,2021-09-01,R,37,8.0,7.6,30077,3.21
N01558,Narcos 1558,Movie,Documentary,Spain,Japanese,2024,2023-10-24,TV-MA,112,,5.3,16916,3.98
N01559,Extraction,TV Show,Documentary,Germany,Korean,2007,2021-11-24,G,60,1.0,7.5,19772,64.6
N01560,Squid Game 1560,Movie,Horror,South Korea,Spanish,2025,2022-11-22,PG-13,177,,7.5,16197,61.96
N01561,Jawan 1561,TV Show,Horror,United Kingdom,French,2005,2023-09-24,PG,33,1.0,6.6,47913,15.79
N01562,Elite,Movie,Sci-Fi,France,German,2013,2022-12-09,TV-PG,116,,5.1,46706,41.12
N01563,RRR,TV Show,Romance,United Kingdom,Japanese,2015,2024-12-15,PG,60,3.0,7.7,15761,62.51
N01564,Narcos,Movie,Comedy,South Korea,German,2021,2023-05-11,R,90,,7.4,122022,25.0
N01565,Cobra Kai 1565,Movie,Romance,Canada,English,2013,2020-10-07,TV-PG,142,,7.8,40315,9.81
N01566,The Night Agent 1566,TV Show,Drama,India,Spanish,2005,2021-09-09,R,60,3.0,7.4,20872,17.03
N01567,Sex Education 1567,Movie,Animation,United Kingdom,English,2021,2020-06-28,R,176,,6.1,68275,91.24
N01568,Squid Game 1568,Movie,Romance,Spain,Tamil,2007,2020-10-14,TV-G,77,,7.1,18263,19.89
N01569,Red Notice 1569,TV Show,Crime,United Kingdom,Tamil,2023,2023-12-21,PG-13,26,3.0,6.7,17753,13.35
N01570,RRR,TV Show,Drama,United Kingdom,German,2011,2022-06-18,PG-13,55,4.0,7.0,501007,63.05
N01571,Roma 1571,Movie,Crime,United Kingdom,English,2005,2023-06-03,TV-14,170,,6.5,38237,41.71
N01572,Sex Education 1572,Movie,Sci-Fi,Germany,Spanish,2002,2022-04-22,TV-14,113,,7.3,20629,44.66
N01573,Roma 1573,Movie,Animation,Spain,Tamil,2008,2022-07-25,TV-PG,135,,7.7,77852,62.39
N01574,Sex Education 1574,Movie,Sci-Fi,United States,Korean,2001,2023-09-16,TV-G,165,,8.4,18185,51.96
N01575,Cobra Kai 1575,Movie,Animation,United Kingdom,Japanese,2013,2020-06-07,TV-PG,137,,8.4,65298,197.26
N01576,The Queen's Gambit 1576,Movie,Comedy,United States,Korean,2014,2025-02-27,PG,173,,6.6,38693,18.96
N01577,RRR 1577,Movie,Action,United Kingdom,Japanese,2015,2020-07-18,TV-PG,109,,6.5,106302,17.43
N01578,The Crown 1578,TV Show,Sci-Fi,Japan,French,2011,2023-12-20,PG,43,6.0,7.7,37946,17.71
N01579,Ozark 1579,TV Show,Horror,India,Japanese,2011,2023-01-10,TV-MA,32,7.0,6.5,52605,38.44
N01580,Manifest 1580,Movie,Crime,Australia,Hindi,2008,2024-06-23,TV-PG,180,,6.2,47688,27.17
N01581,Red Notice 1581,Movie,Horror,Japan,English,2001,2025-01-25,TV-14,77,,6.3,54509,40.62
N01582,Lucifer 1582,Movie,Crime,Germany,French,2001,2022-11-04,G,130,,7.0,40369,38.49
N01583,The Umbrella Academy 1583,TV Show,Comedy,Canada,Tamil,2004,2023-04-12,TV-PG,45,4.0,5.6,110827,105.78
N01584,Elite,TV Show,Crime,United States,French,2019,2020-04-20,TV-MA,37,2.0,6.3,25858,7.66
N01585,Andhadhun 1585,Movie,Drama,Australia,Tamil,2006,2023-02-23,PG,103,,5.3,4393,18.24
N01586,Squid Game 1586,Movie,Thriller,United States,Tamil,2000,2020-09-06,TV-PG,121,,7.4,41926,15.99
N01587,Kantara,Movie,Crime,Japan,Tamil,2021,2023-10-04,TV-14,139,,7.8,34367,50.03
N01588,Bridgerton,TV Show,Action,Japan,Hindi,2021,2024-08-26,PG-13,40,3.0,6.4,54296,9.18
N01589,Dark 1589,TV Show,Animation,South Korea,Hindi,2025,2024-02-26,TV-PG,40,5.0,5.8,38195,5.23
N01590,12th Fail,Movie,Sci-Fi,Japan,Hindi,2012,2025-10-07,TV-G,145,,7.9,27516,22.31
N01591,Dark 1591,TV Show,Crime,Spain,Japanese,2023,2025-09-08,R,44,3.0,6.9,57687,29.78
N01592,Jawan 1592,Movie,Drama,India,German,2008,2023-05-15,TV-G,76,,7.4,6791,67.2
N01593,Stranger Things 1593,Movie,Drama,France,German,2018,2023-11-16,TV-14,169,,6.5,4953,64.0
N01594,Sex Education 1594,Movie,Comedy,Germany,Hindi,2005,2024-07-27,R,146,,6.1,10207,32.57
N01595,Enola Holmes 1595,Movie,Action,France,English,2021,2022-12-22,R,150,,7.7,58996,25.21
N01596,Extraction 1596,Movie,Crime,South Korea,Hindi,2000,2025-10-15,TV-MA,104,,5.9,104370,100.69
N01597,Extraction,Movie,Romance,Spain,Spanish,2002,2023-01-05,PG-13,125,,6.5,24587,11.14
N01598,Elite,Movie,Drama,Spain,Korean,2018,2022-09-08,PG,93,,6.7,57127,84.26
N01599,Ozark 1599,Movie,Comedy,United States,French,2019,2020-01-06,TV-14,107,,6.2,83160,10.64
N01600,Darlings,Movie,Comedy,United Kingdom,English,2025,2021-06-26,TV-G,140,,7.5,78669,10.39
N01601,Extraction 1601,Movie,Comedy,Germany,Hindi,2015,2023-05-18,R,164,,6.8,14612,20.34
N01602,Enola Holmes,TV Show,Horror,Australia,German,2020,2023-11-14,TV-MA,55,8.0,6.4,16903,22.97
N01603,Darlings 1603,Movie,Thriller,South Korea,Korean,2008,2020-04-08,PG-13,85,,6.0,79426,129.85
N01604,Stranger Things 1604,Movie,Crime,Germany,Japanese,2025,2024-05-18,TV-MA,118,,9.0,7032,29.64
N01605,Sex Education,Movie,Sci-Fi,Japan,German,2022,2023-02-04,TV-14,121,,7.6,130575,87.35
N01606,Squid Game 1606,Movie,Sci-Fi,France,German,2018,2021-03-13,R,128,,6.1,13454,7.37
N01607,Stranger Things,Movie,Documentary,United States,Tamil,2010,2023-12-19,PG-13,119,,7.1,35931,58.79
N01608,All Quiet on the Western Front,TV Show,Crime,India,German,2020,2024-06-15,TV-MA,22,8.0,5.8,14185,21.28
N01609,Bridgerton 1609,TV Show,Animation,Australia,English,2006,2023-04-12,TV-14,48,2.0,7.7,16557,106.6
N01610,Cobra Kai,Movie,Crime,United Kingdom,English,2019,2021-04-20,R,162,,6.4,38682,15.39
N01611,The Umbrella Academy 1611,Movie,Drama,France,French,2012,2023-09-13,TV-PG,119,,7.7,14533,98.53
N01612,The Queen's Gambit,TV Show,Documentary,India,Japanese,2019,2024-09-11,PG,22,7.0,5.3,9023,24.96
N01613,Sex Education 1613,Movie,Romance,Japan,Spanish,2024,2024-01-11,R,96,,8.8,81187,31.04
N01614,The Crown 1614,TV Show,Documentary,United Kingdom,Spanish,2013,2020-04-24,PG-13,47,8.0,8.4,7080,23.37
N01615,Andhadhun,Movie,Comedy,Germany,Spanish,2007,2024-08-19,TV-G,128,,8.9,62741,18.2
N01616,Glass Onion 1616,Movie,Sci-Fi,Japan,Spanish,2016,2024-02-16,G,114,,7.4,229549,18.07
N01617,Lucifer 1617,Movie,Crime,United States,German,2003,2022-06-22,TV-14,85,,7.1,31809,28.48
N01618,The Night Agent 1618,Movie,Action,United Kingdom,German,2000,2024-03-22,TV-14,109,,8.5,101007,29.18
N01619,Roma 1619,Movie,Crime,France,Japanese,2008,2022-03-27,TV-MA,162,,7.7,36380,13.03
N01620,Stranger Things 1620,Movie,Crime,United States,French,2023,2024-08-05,R,178,,7.7,17965,10.75
N01621,The Night Agent 1621,Movie,Crime,Spain,French,2006,2024-12-04,TV-G,126,,7.0,11439,36.97
N01622,Andhadhun 1622,Movie,Drama,India,Spanish,2011,2020-02-28,PG-13,91,,6.9,34771,40.4
N01623,Jawan 1623,Movie,Romance,United Kingdom,Spanish,2023,2024-02-11,TV-PG,136,,7.1,144943,41.07
N01624,All Quiet on the Western Front,TV Show,Comedy,India,French,2025,2023-05-23,TV-14,38,3.0,8.4,22546,41.34
N01625,Lucifer 1625,TV Show,Action,South Korea,Japanese,2009,2025-10-26,TV-G,25,4.0,6.1,11177,22.19
N01626,Extraction 1626,TV Show,Crime,Germany,Japanese,2007,2024-08-17,TV-G,39,4.0,6.6,19269,17.93
N01627,Andhadhun 1627,Movie,Romance,Germany,English,2012,2021-05-18,TV-MA,95,,8.5,8640,41.1
N01628,Red Notice 1628,Movie,Documentary,Germany,German,2004,2021-08-14,PG-13,151,,8.2,35438,10.14
N01629,Elite 1629,Movie,Crime,France,English,2005,2024-02-23,PG,79,,6.2,57081,18.48
N01630,Dark 1630,TV Show,Drama,India,Japanese,2020,2023-06-14,TV-MA,31,7.0,4.8,40704,8.78
N01631,You,TV Show,Comedy,Spain,Spanish,2020,2024-09-21,R,37,8.0,6.8,56908,16.16
N01632,The Crown 1632,TV Show,Romance,Australia,Spanish,2024,2021-07-25,PG-13,25,6.0,9.0,20348,142.96
N01633,Roma 1633,TV Show,Thriller,France,German,2014,2021-12-23,TV-PG,24,5.0,6.9,6094,16.03
N01634,Wednesday,Movie,Drama,South Korea,Tamil,2021,2023-06-26,PG,93,,7.2,11492,21.41
N01635,Red Notice,TV Show,Animation,Japan,Spanish,2007,2024-08-18,R,62,3.0,6.8,38431,2.2
N01636,Ozark 1636,Movie,Thriller,Spain,English,2006,2021-04-14,PG,110,,7.6,9730,6.12
N01637,The Adam Project 1637,Movie,Action,South Korea,Hindi,2005,2023-01-05,R,104,,7.1,11284,27.8
N01638,The Night Agent,TV Show,Comedy,United States,English,2010,2022-03-05,PG,51,1.0,4.9,26182,93.26
N01639,Kantara,TV Show,Documentary,India,Hindi,2012,2024-02-28,R,52,1.0,8.1,17955,10.57
N01640,Darlings 1640,TV Show,Romance,United States,Hindi,2023,2022-12-16,TV-PG,36,2.0,7.6,8463,52.98
N01641,The Irishman,Movie,Crime,France,Hindi,2003,2025-07-05,TV-14,77,,7.2,29262,121.1
N01642,Wednesday 1642,Movie,Romance,France,French,2017,2024-09-22,G,80,,6.5,14818,26.61
N01643,Money Heist 1643,Movie,Crime,Australia,Hindi,2011,2020-02-10,G,139,,5.3,7959,53.12
N01644,The Gray Man 1644,TV Show,Thriller,Australia,Korean,2001,2024-09-04,G,37,7.0,7.6,29999,32.53
N01645,Drishyam,TV Show,Horror,Canada,Spanish,2015,2023-08-06,TV-MA,44,6.0,8.4,16323,57.17
N01646,The Umbrella Academy 1646,Movie,Sci-Fi,United Kingdom,German,2004,2021-06-14,PG,132,,7.9,272898,255.05
N01647,Andhadhun 1647,Movie,Thriller,United States,French,2016,2020-11-09,TV-PG,151,,7.6,102461,151.1
N01648,The Gray Man,TV Show,Horror,Japan,Tamil,2019,2023-06-03,TV-PG,56,1.0,6.8,5381,13.57
N01649,Bridgerton,TV Show,Comedy,France,English,2003,2025-11-15,R,39,4.0,6.7,12724,20.37
N01650,Cobra Kai,Movie,Drama,United States,German,2004,2025-08-16,R,172,,7.9,5820,119.68
N01651,The Witcher 1651,Movie,Comedy,France,Spanish,2006,2022-11-02,PG-13,94,,5.9,57010,14.64
N01652,RRR 1652,TV Show,Romance,Canada,Tamil,2009,2025-08-08,TV-G,57,4.0,7.0,12587,92.66
N01653,Bridgerton 1653,Movie,Comedy,France,Japanese,2012,2021-06-06,PG,82,,7.1,60277,36.49
N01654,Glass Onion,Movie,Drama,Germany,Tamil,2007,2021-09-20,TV-G,115,,7.6,100847,41.26
N01655,Black Mirror 1655,Movie,Comedy,Spain,Korean,2011,2020-03-08,PG,82,,6.3,11749,109.44
N01656,The Queen's Gambit 1656,Movie,Sci-Fi,Germany,Hindi,2012,2024-11-06,TV-MA,169,,6.5,7898,52.86
N01657,The Night Agent 1657,Movie,Crime,France,German,2013,2025-10-02,G,145,,8.1,10651,39.06
N01658,Stranger Things 1658,TV Show,Comedy,Canada,Spanish,2013,2021-05-23,PG-13,38,5.0,7.3,8397,15.22
N01659,Narcos,Movie,Crime,Japan,English,2017,2025-03-13,G,84,,6.9,23359,20.96
N01660,The Crown 1660,Movie,Comedy,South Korea,Japanese,2025,2023-02-28,TV-14,75,,6.3,113069,10.89
N01661,Ozark 1661,TV Show,Animation,United Kingdom,Japanese,2018,2020-01-08,PG,51,7.0,6.8,13343,137.76
N01662,Elite,Movie,Thriller,India,Spanish,2002,2022-11-04,TV-G,118,,5.3,27854,41.8
N01663,Dark 1663,TV Show,Drama,South Korea,English,2021,2021-02-09,TV-PG,52,8.0,6.9,275567,26.74
N01664,All Quiet on the Western Front,TV Show,Documentary,Canada,Japanese,2012,2020-04-07,TV-G,50,5.0,7.2,10263,12.34
N01665,Lucifer 1665,Movie,Animation,Australia,Tamil,2019,2022-02-01,G,153,,8.0,15385,4.74
N01666,12th Fail 1666,Movie,Crime,Germany,Tamil,2005,2025-06-10,G,79,,6.5,66322,24.67
N01667,Drishyam 1667,TV Show,Romance,Japan,Tamil,2005,2025-11-19,PG,45,8.0,6.3,17251,3.84
N01668,RRR 1668,Movie,Comedy,Germany,Korean,2016,2025-08-11,PG,171,,7.5,21826,26.0
N01669,Red Notice 1669,Movie,Thriller,United States,French,2025,2024-07-15,PG,111,,6.6,22925,16.06
N01670,Darlings,Movie,Horror,South Korea,English,2007,2021-12-08,TV-PG,147,,7.1,89069,23.15
N01671,Narcos 1671,Movie,Drama,South Korea,German,2000,2025-08-08,TV-14,167,,5.8,35174,23.29
N01672,The Umbrella Academy,TV Show,Animation,South Korea,French,2006,2024-07-28,TV-PG,65,3.0,5.9,147338,9.02
N01673,The Gray Man,TV Show,Animation,United Kingdom,German,2007,2020-07-01,TV-PG,27,8.0,7.9,17960,18.43
N01674,Bird Box 1674,Movie,Comedy,Germany,Japanese,2020,2023-05-13,R,153,,6.0,24721,68.12
N01675,Black Mirror 1675,TV Show,Animation,Germany,German,2017,2025-02-24,G,34,4.0,9.1,63790,16.86
N01676,Lucifer 1676,Movie,Animation,United Kingdom,Tamil,2023,2020-01-02,TV-14,117,,7.2,19706,152.73
N01677,Bridgerton 1677,TV Show,Comedy,United States,Korean,2025,2020-01-22,PG-13,59,2.0,7.7,33146,17.19
N01678,Drishyam 1678,Movie,Horror,South Korea,Tamil,2006,2023-03-07,R,162,,7.4,45452,34.19
N01679,Bird Box,Movie,Documentary,Spain,French,2008,2025-07-03,PG-13,127,,8.0,138793,54.11
N01680,Enola Holmes,Movie,Horror,Spain,Japanese,2002,2020-08-13,TV-14,142,,8.0,11681,16.21
N01681,Dark 1681,Movie,Thriller,United States,Tamil,2020,2023-07-09,TV-MA,139,,7.5,145116,25.96
N01682,12th Fail,TV Show,Thriller,Australia,Spanish,2004,2025-07-26,TV-G,41,3.0,7.8,84464,97.19
N01683,Glass Onion 1683,TV Show,Crime,Australia,Japanese,2005,2022-05-22,PG,31,6.0,7.1,46719,3.33
N01684,RRR 1684,TV Show,Crime,Spain,German,2007,2020-06-11,TV-PG,21,1.0,8.2,23282,13.01
N01685,Squid Game 1685,Movie,Drama,France,English,2021,2025-12-09,G,120,,6.8,25081,37.61
N01686,The Adam Project 1686,TV Show,Action,India,Japanese,2014,2020-09-26,TV-MA,21,4.0,6.5,5887,112.59
N01687,Red Notice 1687,Movie,Romance,Australia,German,2010,2024-06-25,TV-PG,148,,5.1,24818,11.92
N01688,The Irishman 1688,Movie,Action,South Korea,Spanish,2020,2022-07-21,TV-G,102,,5.8,48707,129.12
N01689,Cobra Kai 1689,TV Show,Comedy,United Kingdom,English,2003,2025-09-23,PG-13,54,1.0,6.2,46216,2.56
N01690,Kantara 1690,Movie,Documentary,Spain,Korean,2005,2020-03-21,TV-G,135,,7.9,7091,15.89
N01691,Dark 1691,Movie,Romance,South Korea,Tamil,2013,2025-12-06,TV-G,144,,6.5,5645,9.38
N01692,The Crown 1692,Movie,Thriller,France,English,2013,2022-02-02,TV-14,117,,6.9,17914,54.05
N01693,Money Heist 1693,Movie,Horror,South Korea,Spanish,2022,2025-11-17,R,91,,6.9,68828,6.48
N01694,Narcos 1694,Movie,Documentary,United Kingdom,Tamil,2006,2024-03-28,TV-MA,178,,6.5,212226,11.52
N01695,Ozark 1695,TV Show,Crime,France,English,2003,2022-06-09,PG,63,5.0,7.2,106399,19.21
N01696,Extraction 1696,Movie,Crime,India,English,2000,2020-06-24,TV-14,144,,7.9,22656,28.13
N01697,The Umbrella Academy 1697,Movie,Action,Australia,Hindi,2009,2022-03-23,TV-PG,165,,8.6,17876,117.3
N01698,Sex Education 1698,Movie,Thriller,United Kingdom,Korean,2022,2022-05-24,TV-MA,133,,6.4,30006,30.33
N01699,Extraction 1699,TV Show,Documentary,Germany,Spanish,2022,2022-06-17,G,26,2.0,7.6,2351,13.28
N01700,Red Notice 1700,TV Show,Sci-Fi,Spain,English,2014,2025-10-16,TV-14,21,4.0,7.0,30487,24.51
N01701,Bird Box 1701,TV Show,Comedy,South Korea,Spanish,2013,2020-06-24,TV-PG,64,5.0,7.2,200819,13.99
N01702,Elite,Movie,Romance,Germany,English,2014,2025-05-25,TV-PG,150,,6.6,26358,11.35
N01703,The Witcher,Movie,Sci-Fi,South Korea,French,2004,2025-03-06,TV-14,79,,6.2,89562,33.05
N01704,Andhadhun 1704,TV Show,Crime,Spain,Korean,2006,2020-11-16,PG,24,3.0,8.6,36340,15.05
N01705,Elite,Movie,Comedy,Japan,Korean,2003,2024-11-16,TV-PG,125,,6.9,70706,84.6
N01706,Andhadhun,TV Show,Horror,Canada,German,2004,2023-12-08,TV-MA,54,5.0,5.8,36734,18.0
N01707,The Adam Project,TV Show,Drama,United States,German,2018,2025-11-22,PG,61,5.0,6.0,9723,72.46
N01708,Elite 1708,TV Show,Documentary,India,Japanese,2009,2023-06-19,TV-14,44,6.0,7.2,3540,11.19
N01709,Andhadhun 1709,Movie,Documentary,Japan,English,2000,2023-10-23,G,156,,6.3,39494,54.43
N01710,Sex Education 1710,Movie,Sci-Fi,Spain,English,2010,2023-12-07,TV-MA,180,,8.1,26620,19.29
N01711,12th Fail 1711,TV Show,Comedy,Germany,Korean,2020,2023-10-06,PG-13,21,1.0,6.1,293365,73.92
N01712,Drishyam 1712,Movie,Horror,Canada,French,2022,2025-01-24,PG-13,152,,7.2,15339,8.37
N01713,Squid Game 1713,Movie,Action,France,Japanese,2024,2024-12-02,R,111,,6.8,4955,198.98
N01714,Red Notice 1714,Movie,Thriller,South Korea,French,2004,2022-06-23,TV-G,79,,7.5,25894,21.39
N01715,Enola Holmes,TV Show,Action,United States,Hindi,2001,2021-02-18,R,43,5.0,7.4,14636,90.73
N01716,You,TV Show,Comedy,United Kingdom,Spanish,2019,2024-11-08,TV-MA,45,2.0,7.1,22809,17.57
N01717,Glass Onion 1717,Movie,Documentary,France,Korean,2009,2025-06-14,TV-MA,81,,6.2,18463,180.95
N01718,The Umbrella Academy 1718,Movie,Horror,Australia,English,2015,2022-11-27,G,92,,6.7,63929,57.74
N01719,Lucifer,Movie,Action,Japan,Spanish,2016,2020-10-15,TV-PG,98,,6.3,155977,138.31
N01720,Money Heist 1720,TV Show,Drama,France,German,2021,2023-10-16,PG-13,33,5.0,7.5,41149,4.8
N01721,The Gray Man 1721,TV Show,Action,India,Spanish,2012,2020-01-28,TV-PG,24,3.0,6.4,5169,5.27
N01722,Roma 1722,Movie,Comedy,United Kingdom,Japanese,2015,2021-08-25,TV-MA,104,,6.8,8891,14.14
N01723,You,Movie,Horror,Canada,Tamil,2019,2024-09-02,PG,78,,5.9,3709,282.66
N01724,Andhadhun 1724,Movie,Crime,Canada,Tamil,2022,2025-01-21,G,127,,7.1,27161,52.78
N01725,Darlings 1725,TV Show,Sci-Fi,United Kingdom,German,2008,2024-09-09,TV-MA,55,8.0,6.8,69569,22.13
N01726,Jawan 1726,Movie,Animation,South Korea,German,2025,2021-09-10,PG-13,130,,6.3,19621,17.43
N01727,Kantara 1727,Movie,Animation,United Kingdom,Tamil,2001,2020-06-13,G,138,,4.3,20452,8.73
N01728,Squid Game 1728,Movie,Thriller,India,German,2000,2024-09-07,TV-14,122,,6.8,20331,20.7
N01729,Drishyam,TV Show,Documentary,United Kingdom,Japanese,2024,2024-01-17,TV-G,58,2.0,6.2,1622,51.78
N01730,Wednesday 1730,Movie,Comedy,Germany,German,2022,2022-01-10,R,158,,6.7,56206,10.12
N01731,Dark 1731,Movie,Animation,Canada,Hindi,2017,2020-10-01,TV-MA,160,,6.9,24118,99.75
N01732,You 1732,Movie,Comedy,Germany,Korean,2001,2025-11-20,PG-13,111,,5.8,31918,9.12
N01733,The Irishman 1733,Movie,Action,Australia,French,2000,2024-12-15,PG,117,,7.8,23169,71.15
N01734,You 1734,Movie,Action,Canada,English,2024,2022-02-13,PG,108,,6.4,3492,110.97
N01735,The Irishman,Movie,Thriller,Germany,Tamil,2024,2025-10-25,TV-G,104,,6.4,8620,103.99
N01736,Money Heist 1736,Movie,Crime,United States,French,2003,2024-05-20,G,176,,9.1,71643,29.76
N01737,The Queen's Gambit 1737,Movie,Documentary,South Korea,Japanese,2002,2022-01-19,G,161,,6.8,87514,3.57
N01738,The Queen's Gambit,Movie,Romance,Japan,Tamil,2008,2025-07-17,TV-PG,84,,6.9,45439,35.01
N01739,12th Fail 1739,Movie,Comedy,Japan,English,2005,2020-03-05,G,110,,6.3,2813,48.32
N01740,Andhadhun,Movie,Animation,Germany,German,2011,2024-02-23,PG-13,144,,7.9,38978,19.61
N01741,Drishyam 1741,TV Show,Documentary,Germany,Japanese,2024,2025-08-26,PG-13,49,2.0,7.7,50366,14.26
N01742,Lucifer 1742,Movie,Comedy,Germany,Tamil,2013,2023-07-20,TV-G,177,,6.9,10495,10.32
N01743,The Irishman 1743,Movie,Horror,Germany,Spanish,2017,2025-08-11,TV-14,75,,7.8,10985,124.07
N01744,Darlings,TV Show,Thriller,South Korea,Korean,2018,2023-12-26,TV-PG,37,5.0,6.7,19466,36.54
N01745,The Crown 1745,Movie,Romance,France,French,2002,2021-02-13,TV-MA,153,,6.1,104331,7.44
N01746,Manifest 1746,Movie,Sci-Fi,South Korea,Japanese,2004,2023-06-14,R,156,,6.7,88465,29.1
N01747,Glass Onion,TV Show,Comedy,United Kingdom,Hindi,2025,2022-12-10,TV-PG,51,1.0,6.6,58122,115.27
N01748,The Crown 1748,Movie,Romance,Spain,Spanish,2016,2025-09-22,PG-13,112,,6.6,20882,20.2
N01749,Sex Education 1749,Movie,Action,Spain,Spanish,2002,2024-09-06,PG,166,,6.8,174379,11.58
N01750,You 1750,Movie,Romance,United Kingdom,Korean,2001,2025-03-01,R,133,,6.2,4935,96.92
N01751,Squid Game 1751,TV Show,Horror,France,German,2012,2025-07-01,R,47,6.0,7.5,11038,28.37
N01752,Lucifer 1752,Movie,Sci-Fi,Germany,Korean,2016,2021-05-21,TV-PG,170,,6.9,54897,26.67
N01753,Kantara 1753,TV Show,Romance,Germany,French,2024,2025-10-16,R,36,6.0,7.1,102505,43.85
N01754,Roma,Movie,Sci-Fi,Japan,English,2004,2022-12-06,PG,179,,8.9,116296,7.2
N01755,All Quiet on the Western Front,Movie,Action,Canada,English,2023,2022-02-04,G,149,,6.6,17235,144.41
N01756,All Quiet on the Western Front,Movie,Horror,India,Korean,2017,2024-07-27,TV-PG,126,,7.6,13834,170.55
N01757,Dark 1757,Movie,Documentary,South Korea,Spanish,2000,2022-09-20,TV-PG,98,,4.9,6552,29.93
N01758,The Night Agent,Movie,Sci-Fi,United States,Spanish,2014,2023-05-02,TV-G,149,,6.8,74182,500.0
N01759,12th Fail 1759,Movie,Horror,Australia,Korean,2020,2021-06-14,TV-MA,172,,6.9,31389,30.22
N01760,Enola Holmes 1760,Movie,Comedy,United States,German,2017,2020-03-21,TV-G,178,,7.3,29200,14.89
N01761,Manifest 1761,Movie,Sci-Fi,India,French,2016,2023-06-19,TV-PG,149,,9.1,16887,44.09
N01762,Bridgerton 1762,Movie,Romance,United States,German,2011,2020-05-17,TV-PG,124,,7.0,84250,67.87
N01763,Wednesday,TV Show,Comedy,Spain,German,2009,2025-09-21,PG-13,43,3.0,7.1,10147,101.12
N01764,Ozark 1764,TV Show,Crime,Canada,English,2002,2025-03-16,G,40,3.0,7.8,36776,28.48
N01765,Manifest,TV Show,Sci-Fi,Japan,Japanese,2008,2020-12-23,PG-13,31,2.0,8.4,30708,5.67
N01766,Bridgerton 1766,Movie,Crime,Japan,English,2024,2022-12-27,PG-13,86,,7.2,2156,95.28
N01767,Cobra Kai,Movie,Romance,Australia,Spanish,2018,2022-05-14,TV-MA,92,,5.7,2564,38.38
N01768,The Umbrella Academy 1768,Movie,Comedy,India,Korean,2019,2024-11-20,G,121,,6.4,11643,13.19
N01769,Manifest 1769,Movie,Crime,Spain,Japanese,2014,2024-01-06,TV-MA,103,,6.5,1558,17.21
N01770,Andhadhun 1770,Movie,Horror,India,Hindi,2020,2025-10-28,TV-MA,99,,7.3,43454,17.62
N01771,Wednesday 1771,Movie,Thriller,Japan,Japanese,2002,2025-12-03,TV-G,155,,6.0,117532,13.42
N01772,The Crown,Movie,Thriller,Spain,Hindi,2020,2021-12-07,PG-13,116,,9.1,5781,56.56
N01773,Red Notice 1773,Movie,Documentary,South Korea,Spanish,2007,2022-12-28,TV-G,166,,6.2,118332,24.56
N01774,Wednesday 1774,Movie,Crime,Japan,French,2002,2025-08-28,TV-MA,86,,6.5,8151,73.63
N01775,Enola Holmes 1775,TV Show,Animation,Australia,Tamil,2024,2025-10-08,PG-13,58,5.0,5.9,6356,28.03
N01776,Dark 1776,TV Show,Thriller,Germany,Japanese,2007,2025-01-18,G,20,1.0,8.1,4839,55.12
N01777,12th Fail,Movie,Thriller,South Korea,Korean,2005,2024-11-06,R,111,,7.0,57096,33.66
N01778,Squid Game,Movie,Drama,Australia,French,2019,2024-06-24,PG,144,,7.2,26466,73.1
N01779,Ozark 1779,Movie,Thriller,Australia,German,2003,2021-07-19,R,144,,7.2,28163,63.64
N01780,The Irishman 1780,Movie,Horror,United States,German,2007,2025-05-04,G,177,,5.1,19686,31.66
N01781,The Queen's Gambit 1781,Movie,Comedy,United Kingdom,French,2024,2024-05-01,TV-14,126,,7.6,23660,10.81
N01782,The Gray Man 1782,Movie,Documentary,South Korea,Hindi,2024,2020-07-18,G,114,,7.2,68660,16.09
N01783,Extraction,Movie,Crime,United States,French,2009,2025-11-09,G,77,,8.2,4773,3.08
N01784,The Night Agent 1784,TV Show,Action,France,English,2008,2021-05-26,PG,34,8.0,5.6,26957,30.42
N01785,Kantara,Movie,Documentary,Canada,Tamil,2010,2024-08-09,PG-13,94,,7.5,19784,8.72
N01786,The Adam Project,Movie,Sci-Fi,Japan,German,2020,2020-10-07,PG,82,,6.3,16989,35.73
N01787,The Crown,Movie,Animation,Australia,Korean,2022,2022-09-21,PG,171,,8.2,10507,360.72
N01788,Narcos 1788,Movie,Sci-Fi,Germany,Japanese,2006,2021-10-12,PG,148,,7.7,7641,45.61
N01789,Stranger Things 1789,Movie,Crime,France,English,2023,2020-07-24,TV-14,118,,6.3,69364,59.15
N01790,Elite 1790,Movie,Thriller,South Korea,French,2014,2025-02-27,G,115,,6.7,10818,148.98
N01791,Manifest 1791,TV Show,Thriller,United Kingdom,French,2017,2023-07-03,R,26,3.0,5.3,28431,25.11
N01792,Cobra Kai 1792,Movie,Animation,South Korea,French,2008,2025-06-25,PG-13,155,,7.9,30602,82.68
N01793,Wednesday 1793,TV Show,Thriller,Japan,Spanish,2017,2023-06-13,PG,56,2.0,5.7,226005,182.24
N01794,Kantara,Movie,Sci-Fi,India,German,2022,2020-11-17,PG,168,,7.1,71878,72.91
N01795,Jawan,Movie,Drama,Germany,Korean,2023,2020-10-15,TV-PG,85,,6.9,13949,6.93
N01796,Lucifer,TV Show,Documentary,Germany,Korean,2005,2023-12-22,TV-G,54,6.0,6.5,3258,77.95
N01797,Drishyam 1797,TV Show,Sci-Fi,Germany,English,2017,2024-03-25,PG-13,41,2.0,8.0,30816,13.48
N01798,Ozark 1798,Movie,Animation,United States,Korean,2018,2024-11-12,TV-G,144,,7.0,52893,25.69
N01799,The Crown 1799,Movie,Crime,Spain,German,2009,2020-04-16,TV-MA,170,,7.3,330506,22.6
N01800,Jawan 1800,Movie,Crime,France,Japanese,2016,2024-03-22,G,140,,7.3,481663,68.33
N01801,The Night Agent 1801,Movie,Horror,Germany,French,2009,2023-06-15,PG-13,111,,8.4,9107,7.1
N01802,Darlings 1802,Movie,Romance,South Korea,French,2012,2020-01-07,PG,150,,5.4,3592,15.64
N01803,Bird Box 1803,Movie,Action,United States,German,2004,2021-04-01,TV-MA,107,,8.0,13484,78.97
N01804,Enola Holmes 1804,TV Show,Documentary,United States,German,2014,2022-02-05,TV-PG,29,3.0,9.2,48694,6.94
N01805,RRR 1805,TV Show,Sci-Fi,Australia,Tamil,2006,2021-04-09,PG-13,46,4.0,6.8,52923,62.46
N01806,Elite,Movie,Crime,United Kingdom,German,2011,2025-03-06,TV-PG,175,,6.9,282798,17.52
N01807,Roma 1807,TV Show,Comedy,United States,English,2006,2022-04-07,R,36,1.0,7.1,21145,11.78
N01808,RRR 1808,TV Show,Comedy,Spain,English,2006,2022-08-08,TV-G,60,2.0,7.6,129833,32.8
N01809,Red Notice 1809,Movie,Romance,India,Japanese,2016,2022-12-27,PG-13,124,,6.1,53170,209.27
N01810,Roma 1810,Movie,Horror,Japan,Korean,2015,2025-10-14,TV-PG,101,,7.1,21655,26.71
N01811,Ozark 1811,Movie,Action,Spain,Korean,2008,2020-12-12,TV-MA,161,,7.6,45573,252.37
N01812,The Crown 1812,Movie,Animation,Spain,Spanish,2003,2022-01-13,G,162,,7.0,14859,303.74
N01813,12th Fail 1813,Movie,Horror,France,Tamil,2023,2021-03-18,TV-PG,147,,6.0,18922,20.39
N01814,Red Notice 1814,TV Show,Drama,Japan,Tamil,2002,2021-11-15,PG,30,3.0,5.8,28772,9.55
N01815,The Irishman 1815,Movie,Crime,Japan,French,2021,2021-02-16,TV-MA,111,,6.4,12114,8.76
N01816,You 1816,Movie,Drama,United States,French,2006,2025-07-22,TV-G,103,,6.6,83841,6.39
N01817,Enola Holmes 1817,Movie,Action,United Kingdom,English,2022,2020-10-04,TV-MA,83,,7.6,121217,39.43
N01818,Squid Game,Movie,Horror,Spain,Tamil,2009,2022-05-25,TV-G,101,,6.8,16520,140.58
N01819,The Crown,TV Show,Animation,Japan,Korean,2017,2023-02-14,PG,47,1.0,6.4,49425,14.38
N01820,Andhadhun 1820,TV Show,Romance,Spain,Japanese,2024,2022-08-26,R,65,5.0,6.1,9099,306.36
N01821,The Crown,Movie,Horror,Germany,French,2007,2023-07-12,TV-14,139,,7.2,256598,92.88
N01822,Roma 1822,Movie,Horror,South Korea,Japanese,2014,2021-05-12,TV-MA,144,,5.2,62937,236.08
N01823,The Gray Man,Movie,Horror,Canada,Japanese,2012,2023-10-21,PG-13,140,,6.2,11873,11.05
N01824,The Witcher 1824,Movie,Documentary,Japan,French,2007,2023-01-27,R,89,,6.3,14873,36.51
N01825,Wednesday 1825,Movie,Drama,Spain,Korean,2002,2023-07-09,TV-G,113,,6.4,93915,16.01
N01826,Money Heist,Movie,Animation,India,Korean,2013,2025-10-27,G,89,,6.8,366422,25.64
N01827,Elite 1827,Movie,Horror,France,Korean,2011,2021-06-05,G,115,,6.6,80969,60.83
N01828,Darlings 1828,TV Show,Crime,United States,Korean,2021,2024-01-04,TV-MA,21,3.0,5.6,9748,8.38
N01829,Manifest 1829,Movie,Romance,Germany,Hindi,2009,2021-07-21,TV-PG,178,,7.9,169290,2.98
N01830,Roma 1830,Movie,Romance,India,Hindi,2011,2024-07-26,TV-G,148,,7.6,42379,82.32
N01831,Elite 1831,Movie,Horror,United States,Korean,2000,2021-02-25,R,85,,6.2,139046,71.28
N01832,The Queen's Gambit 1832,Movie,Action,United Kingdom,English,2011,2023-07-04,TV-14,94,,6.0,144211,31.76
N01833,You 1833,Movie,Crime,United Kingdom,Hindi,2005,2020-09-14,TV-MA,137,,6.8,78249,113.56
N01834,Elite,TV Show,Horror,India,Korean,2002,2020-03-11,TV-PG,61,4.0,5.7,286864,4.46
N01835,Jawan 1835,Movie,Horror,Germany,Hindi,2023,2020-10-23,G,130,,5.3,1942,68.2
N01836,Stranger Things,Movie,Crime,Spain,Japanese,2018,2022-12-26,G,163,,6.0,7694,267.81
N01837,Enola Holmes 1837,TV Show,Comedy,Australia,English,2017,2024-11-26,TV-PG,56,6.0,6.6,67846,34.78
N01838,12th Fail 1838,TV Show,Drama,France,French,2016,2024-11-02,TV-G,47,4.0,7.0,219945,26.77
N01839,12th Fail 1839,Movie,Documentary,India,Japanese,2019,2023-07-25,G,99,,6.5,41732,25.21
N01840,Enola Holmes 1840,Movie,Romance,Japan,Hindi,2019,2023-05-22,G,92,,8.3,6162,70.57
N01841,The Umbrella Academy 1841,TV Show,Animation,United States,Japanese,2010,2024-09-05,PG,54,7.0,8.0,41043,12.95
N01842,RRR,TV Show,Horror,Australia,Japanese,2012,2020-03-03,TV-PG,44,3.0,8.2,52491,8.25
N01843,Stranger Things,TV Show,Action,Japan,French,2015,2025-09-27,PG,41,7.0,8.8,16604,99.36
N01844,The Umbrella Academy,Movie,Sci-Fi,United Kingdom,Hindi,2002,2024-05-12,G,100,,8.1,5908,50.18
N01845,Elite,Movie,Animation,Japan,Hindi,2019,2022-12-21,TV-14,108,,6.9,2163,72.95
N01846,12th Fail 1846,Movie,Horror,Germany,Spanish,2000,2025-05-02,PG-13,136,,7.5,27783,70.16
N01847,Money Heist 1847,Movie,Crime,Spain,Tamil,2003,2021-05-06,G,158,,7.2,20710,31.78
N01848,Manifest 1848,Movie,Horror,Australia,French,2014,2021-07-07,PG,139,,7.3,65520,14.48
N01849,The Umbrella Academy 1849,Movie,Action,Japan,French,2017,2020-02-15,PG-13,91,,7.0,57018,8.27
N01850,You,Movie,Drama,Japan,English,2010,2022-08-13,TV-G,140,,4.2,12433,36.45
N01851,Black Mirror,Movie,Drama,Spain,English,2012,2025-08-11,R,85,,7.8,26526,58.81
N01852,The Witcher 1852,Movie,Crime,Spain,English,2006,2023-05-23,TV-14,92,,7.8,19129,12.4
N01853,The Gray Man,Movie,Thriller,United States,Japanese,2008,2022-12-15,PG,150,,6.7,51832,92.13
N01854,Elite,Movie,Thriller,India,Korean,2006,2021-05-26,TV-G,162,,6.7,43663,24.73
N01855,12th Fail,Movie,Animation,Germany,French,2013,2024-12-14,TV-14,121,,7.2,37782,12.8
N01856,Squid Game 1856,TV Show,Horror,India,German,2016,2024-05-07,TV-G,28,2.0,7.0,96035,1.24
N01857,Drishyam 1857,Movie,Horror,United Kingdom,English,2007,2023-01-10,TV-G,152,,6.3,14088,14.29
N01858,The Queen's Gambit,Movie,Documentary,Spain,English,2003,2023-01-08,G,167,,7.0,10716,26.67
N01859,12th Fail,Movie,Romance,France,Spanish,2024,2020-10-27,R,98,,8.3,1885,33.14
N01860,Ozark 1860,TV Show,Crime,Spain,Korean,2016,2021-01-10,TV-PG,47,5.0,7.1,6081,14.43
N01861,Elite 1861,Movie,Animation,United Kingdom,Hindi,2013,2021-04-09,PG,144,,6.9,15257,6.24
N01862,The Gray Man 1862,Movie,Horror,South Korea,Korean,2010,2023-09-22,TV-14,90,,6.8,66674,13.42
N01863,Extraction 1863,Movie,Drama,South Korea,French,2022,2022-12-27,TV-PG,85,,5.7,11291,47.4
N01864,Lucifer 1864,Movie,Action,India,German,2008,2023-08-14,TV-G,118,,6.5,43636,5.51
N01865,Drishyam 1865,Movie,Animation,Japan,Japanese,2011,2021-07-26,TV-G,146,,6.3,12913,9.29
N01866,Dark 1866,TV Show,Thriller,Australia,Hindi,2006,2021-10-04,TV-PG,43,1.0,7.9,51968,29.11
N01867,The Queen's Gambit,Movie,Documentary,South Korea,German,2000,2025-10-01,PG,177,,7.2,172715,32.12
N01868,Andhadhun 1868,TV Show,Animation,Australia,Tamil,2025,2023-11-08,G,62,1.0,7.5,105627,73.49
N01869,Jawan 1869,Movie,Animation,France,Tamil,2001,2024-10-15,PG-13,97,,8.2,69745,25.8
N01870,Narcos 1870,TV Show,Animation,Germany,Hindi,2011,2025-06-10,TV-14,30,8.0,8.1,42200,67.87
N01871,Drishyam 1871,TV Show,Sci-Fi,Japan,Tamil,2014,2020-01-25,TV-PG,52,6.0,6.6,83530,111.61
N01872,Ozark 1872,Movie,Thriller,Canada,Korean,2015,2023-05-09,TV-G,150,,6.6,30870,24.21
N01873,The Queen's Gambit,Movie,Thriller,United Kingdom,French,2012,2024-08-21,G,125,,5.3,403729,60.38
N01874,The Adam Project,Movie,Animation,South Korea,English,2008,2025-11-05,PG,131,,7.1,4078,60.13
N01875,The Queen's Gambit 1875,Movie,Thriller,Germany,French,2011,2020-04-15,TV-PG,104,,5.8,109461,39.58
N01876,Narcos 1876,Movie,Sci-Fi,Spain,Korean,2001,2023-10-13,PG,99,,7.0,3390,20.74
N01877,The Adam Project,TV Show,Drama,South Korea,Hindi,2016,2020-12-05,G,65,5.0,7.1,13428,68.99
N01878,The Irishman 1878,Movie,Horror,Germany,Japanese,2007,2025-07-28,G,125,,6.8,42494,14.57
N01879,Andhadhun 1879,TV Show,Thriller,United Kingdom,Japanese,2007,2020-01-03,TV-MA,29,1.0,7.5,117098,16.31
N01880,Kantara 1880,Movie,Crime,United States,Japanese,2015,2024-08-16,TV-G,89,,6.7,25031,64.96
N01881,Kantara,Movie,Thriller,United States,Korean,2006,2022-01-26,TV-PG,165,,6.4,11746,80.5
N01882,Darlings 1882,Movie,Action,France,Hindi,2024,2025-12-18,TV-14,171,,7.3,5665,32.19
N01883,Kantara 1883,TV Show,Action,Japan,Japanese,2019,2025-02-23,R,49,5.0,7.7,9675,13.14
N01884,Money Heist 1884,TV Show,Sci-Fi,France,Tamil,2007,2025-06-04,TV-MA,20,8.0,6.4,126678,11.87
N01885,Elite,TV Show,Drama,Germany,Japanese,2008,2024-06-15,R,37,4.0,8.0,7636,46.84
N01886,Roma 1886,Movie,Documentary,United States,Korean,2010,2025-07-26,PG,99,,7.2,42417,31.9
N01887,The Adam Project 1887,Movie,Crime,Germany,Korean,2002,2020-04-06,TV-MA,159,,7.0,112367,132.26
N01888,Money Heist 1888,Movie,Crime,United States,Spanish,2011,2024-10-22,G,121,,6.2,4489,51.98
N01889,The Night Agent,Movie,Drama,Australia,English,2007,2021-11-15,R,90,,7.2,20547,22.48
N01890,Black Mirror 1890,TV Show,Comedy,United Kingdom,Korean,2000,2020-11-18,PG-13,40,1.0,6.5,187742,22.87
N01891,Roma 1891,Movie,Crime,Spain,Korean,2024,2024-06-15,TV-G,142,,8.4,1177,87.82
N01892,Bridgerton 1892,Movie,Animation,Spain,Spanish,2006,2023-03-28,R,88,,8.4,71254,44.9
N01893,Extraction 1893,TV Show,Crime,South Korea,English,2004,2021-01-17,TV-14,46,2.0,7.7,2457,19.41
N01894,Stranger Things,Movie,Animation,Canada,Japanese,2023,2024-09-10,TV-14,161,,6.0,67638,30.12
N01895,Ozark 1895,TV Show,Drama,Spain,French,2010,2022-09-17,TV-14,42,6.0,5.8,6306,3.52
N01896,The Night Agent,TV Show,Action,United Kingdom,French,2016,2024-03-12,PG,48,8.0,6.4,16815,6.85
N01897,Wednesday 1897,TV Show,Action,Japan,Japanese,2003,2022-06-20,PG,50,1.0,6.5,9798,84.13
N01898,Glass Onion 1898,Movie,Animation,France,German,2009,2020-03-11,TV-PG,161,,7.0,24283,26.42
N01899,Squid Game 1899,Movie,Drama,United Kingdom,German,2010,2021-11-16,G,175,,7.2,4649,9.24
N01900,Bird Box 1900,Movie,Comedy,South Korea,French,2025,2024-04-26,PG,118,,6.1,43398,38.37
N01901,Darlings 1901,Movie,Romance,Canada,Tamil,2019,2023-09-02,TV-PG,102,,8.4,129229,500.0
N01902,Extraction 1902,TV Show,Animation,India,German,2009,2024-06-25,PG-13,25,8.0,6.3,5477,50.82
N01903,Glass Onion,Movie,Animation,Germany,English,2022,2024-10-17,TV-PG,106,,6.4,71606,103.97
N01904,Ozark 1904,Movie,Comedy,United States,Spanish,2000,2020-03-13,PG,86,,6.7,7822,37.37
N01905,Roma 1905,Movie,Thriller,Japan,Spanish,2019,2025-02-18,R,144,,6.4,20690,392.19
N01906,Bridgerton 1906,Movie,Sci-Fi,Spain,Spanish,2009,2022-03-24,G,113,,4.9,69454,73.63
N01907,The Irishman 1907,Movie,Documentary,United Kingdom,Tamil,2015,2021-08-20,TV-PG,172,,6.9,22810,209.62
N01908,Roma 1908,Movie,Horror,Germany,Hindi,2021,2022-05-13,R,114,,6.1,12511,12.19
N01909,Squid Game 1909,TV Show,Animation,Canada,Tamil,2018,2024-01-28,G,59,5.0,7.0,14840,20.51
N01910,Cobra Kai,Movie,Crime,France,Spanish,2018,2022-07-18,TV-G,175,,8.6,67891,15.9
N01911,Kantara,Movie,Thriller,Germany,French,2001,2023-09-08,TV-MA,137,,7.3,31467,6.42
N01912,Bird Box 1912,TV Show,Romance,Canada,German,2025,2024-07-18,TV-MA,48,7.0,8.0,45677,85.75
N01913,The Queen's Gambit,Movie,Romance,India,Korean,2011,2023-04-06,TV-G,107,,7.3,11857,42.61
N01914,Bird Box 1914,Movie,Comedy,South Korea,Spanish,2013,2020-04-11,TV-14,133,,6.6,110613,30.91
N01915,Drishyam 1915,Movie,Animation,Spain,French,2002,2020-09-03,PG,103,,5.8,6435,23.56
N01916,Wednesday,TV Show,Action,Australia,Japanese,2005,2021-04-07,TV-14,33,3.0,8.8,27435,95.75
N01917,All Quiet on the Western Front 1917,Movie,Horror,Australia,Japanese,2001,2024-07-12,TV-MA,142,,8.4,26414,6.63
N01918,Ozark,Movie,Sci-Fi,United States,French,2004,2024-04-02,PG,89,,6.7,49926,37.66
N01919,Drishyam 1919,TV Show,Sci-Fi,Germany,German,2000,2022-06-26,R,29,3.0,6.8,19176,26.45
N01920,The Irishman 1920,TV Show,Documentary,Germany,Tamil,2003,2022-07-28,TV-MA,35,2.0,5.5,8155,42.01
N01921,Squid Game 1921,Movie,Crime,India,Tamil,2006,2023-03-02,R,116,,8.9,19471,54.69
N01922,Drishyam,Movie,Drama,United Kingdom,German,2015,2020-07-19,TV-MA,162,,5.7,23616,11.25
N01923,Bird Box,Movie,Comedy,United Kingdom,Korean,2002,2024-04-25,R,98,,7.9,94999,44.92
N01924,Wednesday 1924,Movie,Documentary,Spain,German,2011,2024-05-07,PG-13,128,,7.5,9591,21.39
N01925,Andhadhun,TV Show,Horror,Japan,English,2022,2021-12-02,PG,60,6.0,7.7,20346,218.26
N01926,The Umbrella Academy 1926,Movie,Comedy,Canada,Japanese,2024,2023-06-24,R,81,,7.1,66816,9.28
N01927,12th Fail 1927,Movie,Thriller,Japan,Japanese,2013,2020-07-25,PG,81,,8.0,161096,5.18
N01928,Lucifer 1928,Movie,Drama,United Kingdom,French,2014,2025-12-28,PG-13,131,,7.0,6105,277.12
N01929,Kantara 1929,Movie,Thriller,Japan,Hindi,2021,2023-07-20,TV-G,144,,8.1,34329,17.32
N01930,Red Notice,Movie,Animation,India,French,2011,2024-02-25,G,83,,6.4,25626,4.51
N01931,Manifest 1931,Movie,Thriller,Japan,French,2017,2021-12-11,R,80,,6.9,13527,212.44
N01932,Lucifer 1932,TV Show,Sci-Fi,United States,German,2011,2020-10-22,PG-13,47,3.0,6.7,241039,36.06
N01933,Elite 1933,Movie,Action,France,Tamil,2024,2020-10-21,TV-14,169,,7.4,3804,35.14
N01934,The Crown 1934,Movie,Drama,Spain,French,2018,2025-11-23,TV-G,160,,5.4,5416,3.99
N01935,Extraction 1935,Movie,Sci-Fi,United States,Tamil,2015,2025-11-25,G,87,,8.2,21291,32.92
N01936,Narcos 1936,Movie,Sci-Fi,Germany,Spanish,2000,2021-01-12,TV-14,177,,7.7,11371,39.11
N01937,Wednesday 1937,TV Show,Crime,Japan,German,2011,2022-02-14,TV-G,53,3.0,7.9,45257,27.2
N01938,The Queen's Gambit,TV Show,Horror,France,German,2025,2022-08-15,R,27,8.0,5.9,37725,35.09
N01939,Red Notice 1939,Movie,Animation,Canada,Spanish,2019,2020-02-20,R,171,,6.6,30228,46.39
N01940,Glass Onion 1940,Movie,Documentary,France,Korean,2012,2021-06-08,TV-MA,148,,6.4,36897,20.1
N01941,Extraction 1941,Movie,Thriller,Spain,Spanish,2002,2023-12-06,TV-MA,104,,6.4,15028,62.45
N01942,The Umbrella Academy 1942,Movie,Documentary,Spain,Japanese,2021,2025-06-04,TV-G,146,,7.1,89816,30.21
N01943,Roma 1943,Movie,Action,United Kingdom,French,2005,2025-11-02,TV-PG,110,,6.7,48231,95.92
N01944,Ozark 1944,Movie,Sci-Fi,Germany,Japanese,2015,2025-06-07,TV-PG,91,,6.8,95525,27.41
N01945,The Umbrella Academy,Movie,Comedy,India,Tamil,2022,2024-12-28,TV-PG,79,,6.6,115795,10.39
N01946,All Quiet on the Western Front 1946,Movie,Crime,United Kingdom,English,2011,2024-09-11,TV-PG,143,,6.0,74153,16.89
N01947,Darlings,Movie,Documentary,Japan,Japanese,2018,2024-04-12,PG,137,,7.2,82274,10.38
N01948,Narcos 1948,TV Show,Comedy,United States,Korean,2004,2021-11-19,R,60,7.0,5.8,5262,5.93
N01949,Bird Box 1949,Movie,Thriller,Spain,Tamil,2010,2020-11-03,G,99,,6.6,36110,16.44
N01950,Elite,Movie,Action,France,French,2021,2025-05-26,G,97,,8.0,16596,25.24
N01951,Wednesday 1951,Movie,Action,United Kingdom,French,2022,2022-08-22,TV-MA,124,,6.4,6120,43.39
N01952,Red Notice 1952,TV Show,Crime,United States,Hindi,2001,2023-04-11,PG-13,24,1.0,6.0,58614,68.45
N01953,Extraction 1953,Movie,Comedy,United Kingdom,Tamil,2020,2022-11-27,TV-14,140,,7.6,16959,22.24
N01954,Kantara 1954,Movie,Documentary,India,French,2010,2024-02-11,G,177,,7.0,4162,25.16
N01955,Sex Education 1955,Movie,Horror,India,Spanish,2010,2021-02-27,TV-14,165,,5.8,89934,36.34
N01956,Bridgerton 1956,Movie,Documentary,United Kingdom,Korean,2003,2024-06-23,G,89,,7.5,127041,19.22
N01957,Jawan 1957,TV Show,Thriller,Australia,Japanese,2018,2025-05-14,G,29,1.0,8.3,21922,13.78
N01958,The Gray Man 1958,Movie,Documentary,Spain,German,2019,2025-06-20,TV-14,151,,8.2,4287,10.6
N01959,Wednesday 1959,TV Show,Documentary,Australia,French,2009,2021-04-04,TV-PG,21,2.0,8.4,4428,70.43
N01960,The Queen's Gambit,Movie,Action,Japan,Tamil,2017,2021-07-16,TV-14,167,,8.4,10854,47.34
N01961,Darlings,Movie,Action,United States,Tamil,2024,2020-05-25,PG-13,80,,7.8,65777,33.56
N01962,Extraction 1962,Movie,Thriller,Australia,Spanish,2023,2022-12-02,TV-MA,84,,7.0,71596,29.67
N01963,All Quiet on the Western Front 1963,Movie,Drama,Canada,Spanish,2006,2022-05-06,G,93,,7.1,153673,102.62
N01964,Elite 1964,Movie,Crime,Spain,French,2002,2025-03-08,TV-14,171,,6.9,33877,19.93
N01965,Money Heist,TV Show,Horror,Australia,Japanese,2005,2021-11-08,TV-PG,21,8.0,7.3,4244,34.72
N01966,Lucifer 1966,TV Show,Thriller,India,Hindi,2014,2025-04-11,R,25,7.0,7.8,29864,34.66
N01967,Sex Education 1967,Movie,Drama,Canada,Japanese,2014,2025-10-20,G,167,,8.0,205001,29.61
N01968,Stranger Things 1968,Movie,Sci-Fi,France,French,2011,2024-06-03,PG,105,,7.0,27736,15.9
N01969,Dark 1969,Movie,Romance,South Korea,French,2023,2022-02-19,G,170,,7.0,18359,201.58
N01970,Elite,Movie,Romance,India,Tamil,2022,2022-12-20,TV-MA,178,,6.5,20852,12.49
N01971,Money Heist,TV Show,Drama,South Korea,Korean,2010,2025-03-07,TV-14,52,8.0,7.6,10310,18.88
N01972,The Adam Project 1972,Movie,Sci-Fi,India,Spanish,2002,2020-02-06,TV-G,114,,7.3,162920,35.04
N01973,Extraction,TV Show,Crime,Japan,Japanese,2018,2025-01-01,R,35,1.0,7.0,2408,33.14
N01974,Money Heist 1974,TV Show,Comedy,Spain,Spanish,2017,2020-09-05,PG,43,2.0,5.9,59003,21.92
N01975,Lucifer 1975,Movie,Drama,Spain,Hindi,2008,2022-10-20,TV-G,176,,7.2,96507,27.36
N01976,Sex Education,TV Show,Thriller,United Kingdom,Japanese,2000,2021-02-02,G,36,4.0,7.1,95594,62.62
N01977,Squid Game,Movie,Drama,South Korea,Spanish,2001,2025-04-20,TV-PG,81,,7.0,12395,26.83
N01978,Drishyam,Movie,Sci-Fi,United Kingdom,German,2022,2025-09-28,TV-G,141,,7.0,49317,51.83
N01979,Andhadhun 1979,Movie,Sci-Fi,Canada,Korean,2015,2024-08-21,PG-13,143,,7.4,24038,13.34
N01980,Jawan 1980,Movie,Sci-Fi,Japan,Hindi,2016,2025-12-26,TV-G,169,,6.5,6474,37.3
N01981,RRR 1981,TV Show,Documentary,India,French,2007,2024-06-20,R,35,2.0,5.1,34894,11.01
N01982,Cobra Kai 1982,TV Show,Horror,Canada,Spanish,2003,2023-02-22,TV-PG,37,5.0,6.5,11524,11.39
N01983,Red Notice 1983,Movie,Thriller,Spain,Korean,2013,2023-09-22,PG,156,,6.6,24324,7.12
N01984,Money Heist 1984,Movie,Romance,Canada,German,2021,2024-12-19,G,115,,7.9,46734,20.93
N01985,Dark 1985,Movie,Horror,Spain,Hindi,2022,2021-05-13,TV-14,154,,5.4,130144,5.73
N01986,Squid Game,Movie,Sci-Fi,Spain,Tamil,2011,2021-05-10,TV-G,107,,6.6,14007,28.24
N01987,Manifest 1987,Movie,Animation,Spain,Korean,2008,2020-08-08,PG-13,163,,6.7,27110,7.9
N01988,Wednesday,Movie,Crime,Spain,Korean,2012,2025-01-09,R,151,,7.2,37739,22.82
N01989,All Quiet on the Western Front 1989,Movie,Sci-Fi,Germany,English,2003,2022-09-04,TV-14,148,,5.7,26930,10.72
N01990,The Witcher,TV Show,Thriller,United States,Hindi,2021,2021-08-12,TV-14,42,7.0,5.7,6647,2.91
N01991,Extraction 1991,TV Show,Drama,United States,Korean,2015,2023-03-11,TV-14,44,8.0,7.0,54205,47.67
N01992,The Witcher 1992,TV Show,Action,Japan,Korean,2021,2025-07-21,R,21,7.0,7.7,7214,202.6
N01993,The Queen's Gambit 1993,Movie,Romance,United Kingdom,Spanish,2001,2022-07-04,TV-14,179,,8.1,17153,5.03
N01994,Extraction 1994,TV Show,Romance,Australia,French,2003,2021-08-25,TV-PG,64,2.0,9.2,38543,18.93
N01995,Sex Education,Movie,Crime,Spain,English,2004,2021-04-05,R,179,,7.9,15436,10.82
N01996,Kantara 1996,Movie,Animation,Japan,English,2011,2022-01-26,TV-G,157,,7.9,100067,89.46
N01997,Black Mirror,Movie,Horror,India,French,2015,2021-05-23,TV-G,176,,5.4,42995,15.37
N01998,The Irishman 1998,Movie,Documentary,South Korea,Japanese,2015,2020-01-14,TV-MA,106,,6.0,57327,12.02
N01999,Drishyam 1999,Movie,Horror,United Kingdom,French,2017,2025-05-21,G,150,,6.1,17448,84.0
N02000,The Irishman 2000,Movie,Action,India,English,2003,2024-10-28,R,130,,7.7,6326,21.94
N02001,Manifest 2001,Movie,Documentary,Germany,Korean,2020,2020-11-13,TV-MA,88,,8.1,21271,443.31
N02002,The Night Agent 2002,Movie,Drama,Japan,Spanish,2011,2023-09-19,TV-PG,142,,7.2,58540,62.9
N02003,Red Notice 2003,Movie,Crime,India,French,2007,2023-12-17,TV-14,177,,7.2,176698,53.72
N02004,The Witcher 2004,Movie,Thriller,India,Korean,2023,2021-03-22,PG,177,,6.0,24112,290.02
N02005,The Night Agent,TV Show,Thriller,Australia,English,2005,2022-12-13,TV-PG,37,1.0,7.9,39158,20.93
N02006,Manifest 2006,Movie,Comedy,United Kingdom,French,2003,2024-06-06,PG-13,95,,6.8,30778,3.17
N02007,Black Mirror 2007,Movie,Sci-Fi,Germany,German,2013,2024-04-20,G,133,,7.2,38624,8.28
N02008,Kantara,TV Show,Action,India,Tamil,2018,2024-11-26,G,60,5.0,6.5,71545,13.82
N02009,Andhadhun 2009,TV Show,Thriller,Germany,French,2010,2020-08-20,R,24,8.0,8.8,25530,37.9
N02010,All Quiet on the Western Front 2010,TV Show,Sci-Fi,Japan,French,2014,2024-11-27,TV-MA,23,3.0,7.8,25391,70.82
N02011,Red Notice,Movie,Horror,United States,Spanish,2013,2021-10-21,TV-PG,171,,7.3,48345,6.28
N02012,Kantara,Movie,Drama,United Kingdom,German,2024,2022-02-15,TV-PG,174,,7.0,15270,13.76
N02013,Manifest,Movie,Drama,Japan,Hindi,2019,2023-06-01,PG-13,75,,7.1,164985,7.82
N02014,12th Fail 2014,TV Show,Documentary,India,French,2023,2020-10-11,TV-14,42,8.0,7.1,4291,35.05
N02015,Jawan 2015,Movie,Documentary,Australia,Tamil,2001,2022-02-18,TV-14,91,,7.5,98666,57.31
N02016,The Queen's Gambit 2016,Movie,Action,United States,Tamil,2022,2021-02-16,G,80,,6.2,8017,58.77
N02017,Glass Onion 2017,Movie,Documentary,Australia,French,2006,2024-06-15,PG,146,,8.2,1095,11.61
N02018,Bridgerton 2018,Movie,Comedy,United States,German,2024,2024-04-21,TV-G,129,,5.7,9015,22.15
N02019,Squid Game 2019,Movie,Thriller,Germany,Japanese,2010,2021-08-18,TV-MA,160,,6.7,5553,56.89
N02020,Bird Box,Movie,Documentary,United States,Tamil,2000,2024-03-14,PG-13,140,,7.1,24731,24.42
N02021,Squid Game,TV Show,Thriller,United Kingdom,Korean,2024,2020-01-18,TV-PG,50,3.0,6.4,14505,10.93
N02022,The Gray Man 2022,Movie,Animation,Canada,Tamil,2016,2020-01-19,TV-MA,98,,7.1,51091,6.36
N02023,12th Fail 2023,TV Show,Sci-Fi,Spain,Japanese,2010,2024-11-20,TV-G,28,6.0,7.3,2096,18.76
N02024,The Night Agent 2024,TV Show,Sci-Fi,United States,Korean,2025,2021-08-02,TV-MA,37,7.0,8.3,281101,26.32
N02025,All Quiet on the Western Front 2025,TV Show,Animation,India,Tamil,2023,2021-02-12,TV-G,60,7.0,6.8,13404,21.87
N02026,Manifest 2026,TV Show,Documentary,United States,German,2025,2022-02-09,PG-13,47,2.0,5.7,50666,19.46
N02027,Lucifer 2027,Movie,Thriller,India,Hindi,2011,2025-03-05,R,108,,7.0,40629,14.77
N02028,The Night Agent 2028,TV Show,Animation,Spain,Japanese,2018,2022-07-15,TV-G,28,1.0,8.4,10095,44.19
N02029,Andhadhun,Movie,Documentary,India,Hindi,2021,2020-07-22,PG,150,,6.9,50697,16.46
N02030,Darlings,Movie,Crime,Germany,Tamil,2020,2020-09-12,PG-13,126,,6.0,19615,27.68
N02031,Black Mirror 2031,Movie,Romance,United Kingdom,German,2021,2021-08-12,PG,141,,6.3,7104,11.39
N02032,12th Fail 2032,TV Show,Action,United States,German,2004,2025-04-21,G,46,3.0,6.6,17430,40.49
N02033,Bridgerton,TV Show,Drama,United States,Japanese,2008,2021-01-07,TV-14,35,3.0,6.3,1702,22.62
N02034,The Adam Project 2034,Movie,Animation,Japan,French,2006,2024-08-11,TV-PG,107,,7.7,90004,48.54
N02035,Kantara 2035,Movie,Romance,United Kingdom,Korean,2009,2022-02-15,R,119,,6.6,9516,500.0
N02036,Andhadhun 2036,Movie,Comedy,Japan,French,2014,2025-12-18,G,144,,6.8,9061,42.02
N02037,Sex Education,Movie,Sci-Fi,Spain,German,2002,2023-12-06,R,129,,7.7,69525,25.58
N02038,The Irishman 2038,Movie,Horror,South Korea,German,2021,2024-12-27,TV-MA,150,,6.6,5962,22.91
N02039,The Witcher 2039,Movie,Action,Germany,Spanish,2000,2020-06-21,TV-14,159,,7.5,139639,61.02
N02040,The Witcher 2040,Movie,Documentary,Canada,Tamil,2020,2022-07-14,R,98,,5.9,56290,57.78
N02041,12th Fail 2041,Movie,Animation,Japan,Hindi,2007,2022-01-08,TV-MA,116,,7.8,28588,57.1
N02042,The Umbrella Academy 2042,Movie,Romance,Australia,French,2010,2020-08-09,TV-PG,111,,6.9,8266,15.18
N02043,The Night Agent 2043,Movie,Animation,Japan,English,2023,2022-04-03,TV-MA,78,,6.9,434749,51.12
N02044,Black Mirror,TV Show,Sci-Fi,Germany,German,2000,2023-11-21,R,64,4.0,6.3,4449,15.25
N02045,The Witcher 2045,Movie,Romance,South Korea,Japanese,2011,2023-02-06,G,114,,6.7,8573,95.36
N02046,All Quiet on the Western Front 2046,Movie,Romance,Japan,English,2003,2021-02-12,TV-MA,152,,7.1,58968,82.86
N02047,Manifest 2047,TV Show,Thriller,South Korea,German,2003,2023-04-07,TV-14,54,6.0,7.3,15988,6.42
N02048,Bridgerton 2048,TV Show,Animation,United States,Japanese,2019,2021-02-26,TV-14,35,6.0,6.4,40864,107.46
N02049,The Night Agent 2049,Movie,Action,United Kingdom,Japanese,2021,2021-07-09,R,80,,9.0,14514,62.69
N02050,Squid Game 2050,Movie,Documentary,Japan,Spanish,2009,2025-12-01,TV-MA,150,,7.4,341747,50.87
N02051,Ozark 2051,Movie,Action,Germany,Korean,2004,2024-06-07,TV-MA,136,,6.2,13863,86.78
N02052,Darlings,Movie,Drama,United States,German,2018,2022-05-13,TV-PG,168,,7.6,40718,103.53
N02053,Lucifer 2053,Movie,Sci-Fi,United Kingdom,Japanese,2003,2023-06-21,G,156,,6.3,24932,4.76
N02054,The Adam Project 2054,TV Show,Documentary,India,Hindi,2016,2024-06-04,TV-G,49,6.0,6.7,7324,54.81
N02055,Elite,Movie,Crime,Canada,Korean,2021,2023-12-11,PG-13,173,,6.7,106684,117.13
N02056,Bird Box 2056,Movie,Documentary,Spain,Korean,2012,2023-11-05,R,120,,5.9,15384,11.57
N02057,Narcos 2057,Movie,Drama,South Korea,English,2013,2024-04-12,PG-13,150,,7.5,22548,54.01
N02058,Sex Education 2058,Movie,Thriller,Australia,Tamil,2021,2021-09-09,TV-MA,161,,7.2,4701,23.44
N02059,The Crown 2059,Movie,Animation,Canada,English,2013,2023-09-05,PG,133,,7.1,32717,14.81
N02060,Ozark 2060,Movie,Crime,France,Tamil,2013,2024-03-22,TV-PG,147,,7.3,53093,166.22
N02061,Squid Game 2061,TV Show,Horror,Canada,Korean,2000,2021-06-15,PG-13,44,7.0,6.7,72322,53.87
N02062,Cobra Kai 2062,Movie,Documentary,France,Japanese,2020,2025-05-14,G,174,,7.5,34545,18.57
N02063,The Gray Man,Movie,Romance,India,German,2001,2024-03-09,PG,139,,7.7,56149,85.7
N02064,The Irishman 2064,Movie,Drama,Japan,French,2008,2023-02-08,PG,121,,6.7,154074,500.0
N02065,Darlings 2065,Movie,Horror,Japan,Tamil,2017,2024-02-26,PG-13,169,,6.8,9462,7.85
N02066,You,Movie,Thriller,Germany,Spanish,2025,2020-02-13,R,86,,6.4,123828,79.63
N02067,Manifest 2067,Movie,Romance,United Kingdom,English,2024,2024-09-06,TV-14,102,,8.2,15236,14.15
N02068,Red Notice 2068,Movie,Action,Japan,English,2001,2021-02-22,TV-G,89,,7.2,4274,25.65
N02069,All Quiet on the Western Front,Movie,Crime,Australia,Tamil,2010,2022-04-27,PG-13,171,,7.0,95655,62.92
N02070,RRR 2070,TV Show,Horror,Japan,Japanese,2009,2023-10-04,TV-14,24,6.0,6.9,14571,28.44
N02071,The Umbrella Academy,Movie,Drama,Spain,Japanese,2020,2025-12-19,TV-14,144,,6.5,85608,38.2
N02072,12th Fail 2072,Movie,Action,India,Korean,2006,2021-11-24,TV-PG,108,,7.1,12835,67.3
N02073,Ozark 2073,Movie,Crime,United Kingdom,Spanish,2014,2023-08-22,TV-MA,112,,6.2,14583,27.5
N02074,Black Mirror 2074,Movie,Comedy,France,English,2024,2021-06-04,TV-PG,143,,8.0,23861,21.78
N02075,The Crown 2075,Movie,Documentary,United Kingdom,Japanese,2012,2025-01-12,R,118,,6.4,37160,25.84
N02076,Jawan 2076,Movie,Documentary,India,French,2016,2021-09-10,G,75,,7.3,7195,19.27
N02077,Manifest 2077,TV Show,Drama,Japan,English,2014,2022-09-08,TV-PG,21,8.0,7.2,19479,42.28
N02078,Black Mirror 2078,Movie,Comedy,Germany,Spanish,2000,2024-01-04,R,131,,6.0,111712,24.72
N02079,Money Heist 2079,Movie,Comedy,India,Tamil,2011,2022-02-03,TV-G,78,,7.0,28932,36.99
N02080,Roma,Movie,Sci-Fi,India,Tamil,2008,2024-09-13,R,120,,6.7,59962,44.54
N02081,12th Fail,Movie,Action,South Korea,Hindi,2002,2024-01-04,TV-14,85,,7.5,37209,49.69
N02082,Andhadhun 2082,TV Show,Romance,France,Tamil,2008,2025-01-04,TV-G,24,6.0,6.1,26876,27.01
N02083,Red Notice 2083,Movie,Comedy,Germany,Korean,2004,2022-08-17,PG-13,107,,6.3,139943,56.72
N02084,Cobra Kai 2084,Movie,Action,Canada,French,2021,2025-09-16,PG-13,147,,7.4,57239,14.24
N02085,The Queen's Gambit 2085,TV Show,Animation,Australia,English,2005,2024-04-19,G,21,3.0,7.4,39503,25.82
N02086,Drishyam 2086,Movie,Animation,Spain,Korean,2006,2022-12-25,G,161,,6.6,14559,32.42
N02087,Elite 2087,TV Show,Action,Japan,Korean,2011,2022-01-13,PG-13,29,8.0,6.1,36609,13.87
N02088,Enola Holmes 2088,Movie,Crime,France,Korean,2003,2022-12-11,PG-13,92,,6.3,11778,10.76
N02089,Bird Box 2089,TV Show,Thriller,France,French,2013,2025-02-24,PG,22,5.0,7.9,30838,13.96
N02090,Extraction,Movie,Action,India,German,2009,2025-05-06,TV-14,112,,8.6,5628,11.59
N02091,RRR 2091,Movie,Documentary,United Kingdom,Spanish,2017,2022-11-13,PG,127,,8.0,16570,38.19
N02092,RRR 2092,Movie,Horror,Germany,French,2019,2025-10-26,TV-14,154,,5.8,8501,15.71
N02093,Cobra Kai 2093,Movie,Drama,Germany,English,2000,2022-08-27,PG-13,147,,6.8,4541,97.2
N02094,Cobra Kai,Movie,Thriller,India,German,2023,2024-11-22,G,113,,7.4,4091,10.63
N02095,The Crown 2095,TV Show,Thriller,United States,Tamil,2009,2024-11-14,R,57,7.0,8.3,256774,7.09
N02096,Stranger Things 2096,TV Show,Animation,India,Tamil,2009,2020-05-15,TV-14,64,1.0,6.9,64933,174.28
N02097,Bridgerton 2097,Movie,Comedy,India,Japanese,2000,2025-12-20,PG,145,,7.6,40475,13.43
N02098,The Queen's Gambit 2098,Movie,Sci-Fi,Australia,Spanish,2001,2020-01-21,TV-14,132,,6.5,19256,49.08
N02099,Dark,Movie,Documentary,United Kingdom,French,2008,2024-06-06,TV-PG,143,,7.0,19851,4.37
N02100,The Crown 2100,TV Show,Animation,South Korea,French,2022,2022-08-16,TV-G,51,3.0,7.2,23728,27.39
N02101,12th Fail 2101,Movie,Horror,Japan,Hindi,2019,2022-01-25,PG,102,,6.3,21633,10.09
N02102,Glass Onion,TV Show,Animation,United States,Tamil,2007,2023-12-01,G,28,6.0,7.6,111606,233.19
N02103,The Witcher 2103,Movie,Sci-Fi,France,English,2009,2021-05-12,PG,158,,8.0,13692,47.07
N02104,All Quiet on the Western Front 2104,Movie,Animation,Japan,French,2011,2020-08-24,G,157,,7.1,15342,7.31
N02105,You 2105,TV Show,Romance,Germany,French,2011,2025-09-27,PG,29,6.0,7.8,135043,143.5
N02106,Lucifer,Movie,Animation,United States,Japanese,2025,2024-11-25,G,95,,6.4,5316,20.85
N02107,Money Heist 2107,Movie,Thriller,Australia,German,2005,2020-01-18,PG,141,,6.4,30722,11.33
N02108,12th Fail 2108,TV Show,Animation,India,French,2010,2020-12-07,TV-G,50,6.0,7.4,90595,17.09
N02109,Cobra Kai 2109,Movie,Romance,United Kingdom,Korean,2007,2022-07-03,TV-14,77,,6.3,7065,9.3
N02110,The Umbrella Academy,Movie,Horror,Germany,Korean,2015,2025-09-02,PG,119,,6.4,13133,12.3
N02111,Sex Education 2111,Movie,Comedy,Germany,Korean,2019,2023-11-26,G,111,,8.6,58613,30.34
N02112,Glass Onion,Movie,Drama,Australia,German,2005,2023-08-15,R,167,,8.0,23692,13.98
N02113,Narcos 2113,TV Show,Sci-Fi,France,Hindi,2010,2020-03-13,R,64,5.0,6.7,1453,30.54
N02114,Bridgerton 2114,Movie,Thriller,Japan,Korean,2011,2022-11-24,TV-14,163,,7.8,106468,47.44
N02115,Stranger Things,Movie,Horror,Canada,Tamil,2020,2023-05-23,TV-14,177,,6.2,24791,14.1
N02116,Cobra Kai 2116,Movie,Documentary,South Korea,Japanese,2003,2025-03-15,TV-G,111,,8.4,88369,99.13
N02117,Jawan,Movie,Animation,South Korea,Korean,2005,2023-08-25,TV-14,174,,8.1,10740,3.12
N02118,Sex Education 2118,Movie,Action,Spain,French,2017,2020-07-22,TV-PG,166,,7.4,81189,125.86
N02119,Stranger Things 2119,Movie,Animation,South Korea,English,2002,2022-02-12,PG-13,116,,6.4,41676,18.88
N02120,Red Notice,Movie,Horror,France,English,2004,2020-11-10,G,135,,8.5,26530,80.68
N02121,Dark 2121,Movie,Animation,Japan,German,2001,2023-12-02,TV-G,177,,6.6,41187,30.15
N02122,Black Mirror,Movie,Crime,United States,Hindi,2022,2023-05-12,TV-G,76,,7.2,39400,3.85
N02123,Jawan 2123,Movie,Sci-Fi,Canada,French,2005,2020-06-22,TV-MA,137,,6.9,28894,184.64
N02124,Glass Onion,Movie,Horror,Spain,Hindi,2012,2023-07-18,PG,121,,7.5,7173,25.08
N02125,Narcos 2125,TV Show,Thriller,France,Hindi,2018,2021-04-19,TV-PG,40,2.0,7.6,6889,2.96
N02126,Squid Game 2126,Movie,Action,United Kingdom,Tamil,2006,2024-08-28,PG,150,,6.7,12698,22.14
N02127,Bridgerton,Movie,Crime,Australia,Tamil,2024,2021-01-12,PG-13,127,,6.2,23242,30.96
N02128,Black Mirror 2128,Movie,Documentary,Japan,Korean,2001,2020-02-05,TV-G,85,,7.1,4639,16.46
N02129,The Crown 2129,Movie,Drama,India,French,2018,2025-06-08,G,129,,6.4,3778,38.23
N02130,RRR,Movie,Action,United Kingdom,German,2025,2022-07-20,PG,157,,7.0,9572,18.33
N02131,Kantara 2131,Movie,Horror,South Korea,Spanish,2019,2025-08-10,G,91,,7.0,61911,15.63
N02132,Squid Game 2132,Movie,Romance,United Kingdom,English,2025,2021-09-01,G,89,,6.9,43033,18.85
N02133,You 2133,TV Show,Animation,Canada,Hindi,2021,2023-08-26,TV-MA,24,2.0,4.4,31361,64.35
N02134,The Adam Project 2134,TV Show,Crime,France,Japanese,2006,2022-01-07,R,24,4.0,6.9,20045,19.92
N02135,The Queen's Gambit 2135,TV Show,Animation,United States,French,2015,2021-12-15,TV-PG,26,4.0,6.7,17711,78.97
N02136,Dark 2136,Movie,Animation,Canada,Spanish,2003,2025-07-11,PG-13,146,,5.7,56710,19.1
N02137,Stranger Things,Movie,Documentary,Spain,Hindi,2019,2022-02-09,TV-G,139,,6.2,2383,83.68
N02138,You 2138,Movie,Documentary,Australia,Spanish,2013,2025-07-04,TV-PG,92,,6.4,6971,15.88
N02139,The Queen's Gambit 2139,Movie,Animation,United States,French,2022,2023-08-27,G,99,,8.7,35683,4.79
N02140,Red Notice 2140,TV Show,Thriller,Spain,Tamil,2002,2025-08-17,R,22,2.0,5.6,30525,37.29
N02141,Glass Onion 2141,Movie,Animation,Canada,Tamil,2006,2020-09-25,TV-PG,156,,8.5,61166,50.73
N02142,Ozark,Movie,Drama,Spain,Hindi,2013,2020-03-01,G,103,,6.6,26503,40.39
N02143,The Gray Man,Movie,Crime,Japan,French,2015,2023-08-01,TV-G,103,,5.0,9260,18.76
N02144,RRR 2144,Movie,Drama,Canada,German,2018,2020-06-09,G,99,,7.8,7310,29.28
N02145,Cobra Kai,TV Show,Animation,Japan,English,2006,2022-09-17,G,47,8.0,7.6,42920,56.4
N02146,RRR 2146,Movie,Action,Canada,English,2001,2025-01-19,TV-PG,91,,7.3,14375,9.68
N02147,Wednesday 2147,Movie,Drama,India,English,2009,2023-04-17,TV-PG,80,,7.2,143271,24.21
N02148,The Night Agent 2148,Movie,Thriller,South Korea,Hindi,2014,2021-02-19,TV-PG,79,,6.1,50447,10.19
N02149,Money Heist 2149,TV Show,Sci-Fi,India,Korean,2012,2022-10-10,TV-MA,60,2.0,6.5,30025,55.11
N02150,Black Mirror 2150,Movie,Animation,South Korea,Korean,2005,2024-09-23,TV-G,168,,6.9,37694,81.15
N02151,12th Fail 2151,Movie,Crime,France,German,2014,2022-05-22,R,135,,8.2,56931,8.41
N02152,Roma 2152,Movie,Horror,Japan,English,2003,2021-07-25,G,156,,7.3,21642,111.08
N02153,Darlings 2153,Movie,Drama,Germany,Tamil,2005,2020-06-15,TV-G,88,,8.5,34900,12.87
N02154,Elite 2154,Movie,Sci-Fi,India,English,2014,2021-09-15,TV-PG,172,,8.5,526666,38.71
N02155,Darlings 2155,TV Show,Drama,Canada,Hindi,2008,2024-11-06,PG,44,8.0,5.5,3884,7.14
N02156,Glass Onion 2156,TV Show,Action,France,German,2015,2022-12-12,TV-14,45,5.0,7.0,6664,27.84
N02157,Kantara,Movie,Romance,Japan,Spanish,2009,2022-03-24,G,178,,5.5,9744,94.96
N02158,The Adam Project,Movie,Animation,United States,Tamil,2019,2023-04-26,R,88,,7.4,249214,23.15
N02159,12th Fail 2159,Movie,Comedy,Canada,Korean,2011,2024-12-07,TV-14,143,,6.3,36784,9.95
N02160,Sex Education 2160,TV Show,Documentary,France,French,2007,2023-04-23,R,47,1.0,7.2,18575,57.65
N02161,Extraction 2161,TV Show,Horror,Australia,German,2024,2024-11-05,G,23,6.0,7.4,114997,17.14
N02162,You 2162,Movie,Drama,Japan,Tamil,2017,2024-08-24,PG,170,,7.6,120774,16.0
N02163,Kantara 2163,Movie,Action,Japan,Hindi,2023,2024-04-04,PG-13,163,,6.9,46883,177.94
N02164,Enola Holmes 2164,Movie,Documentary,India,Spanish,2018,2022-04-22,PG,164,,6.9,174071,11.35
N02165,Stranger Things 2165,TV Show,Horror,Canada,English,2003,2021-06-13,R,53,4.0,6.9,4168,8.59
N02166,Roma 2166,Movie,Horror,United Kingdom,Tamil,2005,2022-08-04,G,76,,7.9,22742,279.23
N02167,The Adam Project,TV Show,Animation,France,Tamil,2016,2022-11-07,PG,31,7.0,6.8,1874,18.52
N02168,Manifest 2168,Movie,Horror,Spain,Tamil,2001,2023-11-07,G,176,,6.7,9704,24.12
N02169,Stranger Things 2169,Movie,Thriller,Japan,Korean,2012,2021-12-13,PG,94,,8.1,21002,11.37
N02170,The Witcher 2170,Movie,Documentary,Germany,English,2016,2025-12-04,G,162,,7.1,16824,369.86
N02171,12th Fail,Movie,Crime,France,French,2024,2023-10-28,G,112,,7.6,10214,68.94
N02172,Glass Onion,Movie,Romance,India,English,2018,2025-11-26,TV-MA,168,,8.4,48094,26.31
N02173,The Gray Man 2173,Movie,Drama,South Korea,Spanish,2012,2022-05-03,TV-MA,156,,6.9,9333,42.23
N02174,Dark 2174,Movie,Sci-Fi,Spain,Tamil,2020,2022-01-28,PG-13,180,,7.1,30594,14.61
N02175,The Crown 2175,TV Show,Action,Japan,French,2008,2025-12-01,G,43,1.0,7.2,8300,94.17
N02176,The Adam Project 2176,Movie,Documentary,Spain,French,2003,2022-12-26,TV-14,133,,5.8,107423,29.94
N02177,Lucifer,Movie,Horror,United Kingdom,English,2025,2024-10-28,TV-PG,120,,6.6,83615,57.52
N02178,Dark 2178,Movie,Crime,Spain,Korean,2014,2024-05-08,TV-MA,166,,8.5,4824,28.49
N02179,Elite 2179,Movie,Action,Canada,German,2022,2025-07-12,PG,111,,8.4,25149,16.77
N02180,The Crown 2180,Movie,Animation,South Korea,Tamil,2018,2025-05-27,TV-14,77,,7.4,2125,161.12
N02181,The Adam Project 2181,Movie,Thriller,United Kingdom,Hindi,2013,2024-03-07,TV-G,117,,6.8,6869,180.38
N02182,Dark 2182,Movie,Drama,Australia,German,2003,2020-08-09,TV-MA,104,,6.8,8238,11.31
N02183,Ozark,Movie,Documentary,Canada,German,2022,2022-05-20,G,161,,5.9,27207,107.01
N02184,The Witcher 2184,Movie,Sci-Fi,United Kingdom,Spanish,2000,2020-09-04,TV-MA,176,,7.8,11031,10.27
N02185,Sex Education 2185,Movie,Animation,Japan,Korean,2016,2024-04-25,TV-PG,155,,6.5,58331,83.74
N02186,The Irishman 2186,Movie,Action,France,Tamil,2000,2024-05-18,TV-MA,91,,7.0,55772,28.45
N02187,Cobra Kai 2187,Movie,Comedy,France,German,2023,2023-05-06,R,83,,7.3,7784,9.39
N02188,12th Fail 2188,TV Show,Drama,Japan,French,2007,2021-03-20,TV-G,45,1.0,8.0,13361,3.78
N02189,Money Heist,TV Show,Drama,India,Japanese,2009,2024-10-02,G,63,8.0,8.1,92061,13.94
N02190,Elite,Movie,Animation,South Korea,Tamil,2002,2020-01-22,R,136,,7.6,7454,102.74
N02191,Narcos 2191,TV Show,Drama,Canada,German,2008,2022-07-20,PG,23,1.0,5.1,3555,46.31
N02192,Andhadhun,TV Show,Sci-Fi,United Kingdom,Hindi,2001,2023-06-17,TV-G,24,7.0,7.4,27646,26.12
N02193,The Gray Man,Movie,Thriller,South Korea,French,2013,2023-12-06,TV-14,89,,7.0,20576,58.34
N02194,You 2194,Movie,Animation,India,Japanese,2004,2024-11-19,TV-14,143,,6.5,7387,40.35
N02195,RRR 2195,Movie,Drama,Spain,English,2012,2023-02-14,PG,122,,6.6,3261,10.15
N02196,Narcos,Movie,Comedy,South Korea,English,2022,2025-07-10,TV-MA,174,,8.4,5180,25.01
N02197,Squid Game,Movie,Sci-Fi,United Kingdom,German,2019,2021-12-09,PG,170,,6.1,2203,31.68
N02198,Glass Onion 2198,TV Show,Sci-Fi,Australia,Tamil,2022,2025-06-09,TV-G,61,8.0,6.4,131809,88.86
N02199,Wednesday 2199,TV Show,Horror,Germany,Tamil,2011,2025-08-15,TV-14,57,3.0,7.7,5886,70.8
N02200,You 2200,Movie,Crime,United States,French,2006,2023-01-02,PG,77,,5.8,48612,18.81
N02201,The Adam Project,Movie,Crime,France,English,2003,2023-05-06,TV-G,102,,7.6,7862,27.23
N02202,Enola Holmes 2202,Movie,Animation,United States,Spanish,2023,2021-08-02,PG-13,167,,6.2,42991,32.82
N02203,Glass Onion 2203,TV Show,Thriller,India,English,2009,2022-07-26,TV-G,37,8.0,4.9,15271,500.0
N02204,Cobra Kai,TV Show,Action,United States,Japanese,2016,2020-12-20,TV-G,31,7.0,8.6,50849,42.95
N02205,Lucifer 2205,Movie,Action,United States,Japanese,2004,2021-11-21,TV-14,75,,7.6,17929,92.79
N02206,Dark 2206,Movie,Animation,South Korea,Korean,2013,2024-01-11,TV-G,121,,5.7,13248,25.22
N02207,Bird Box 2207,Movie,Thriller,France,Spanish,2003,2023-02-11,TV-14,120,,7.2,157657,45.98
N02208,Extraction,Movie,Romance,Canada,Tamil,2000,2025-03-11,G,91,,6.0,18127,61.49
N02209,Roma,Movie,Thriller,Canada,French,2012,2020-10-07,TV-G,136,,6.8,41745,19.74
N02210,You 2210,TV Show,Animation,Canada,Hindi,2008,2021-05-14,TV-14,59,8.0,7.1,66864,63.99
N02211,The Queen's Gambit 2211,Movie,Crime,India,German,2021,2020-12-22,TV-14,93,,6.1,77409,21.48
N02212,Drishyam 2212,TV Show,Comedy,South Korea,Japanese,2000,2021-08-25,PG,59,5.0,8.9,28623,38.67
N02213,The Adam Project,Movie,Comedy,United Kingdom,English,2024,2022-11-17,TV-MA,141,,7.9,19299,6.19
N02214,Wednesday,Movie,Drama,Japan,French,2008,2023-12-08,TV-PG,163,,6.3,3851,42.53
N02215,Manifest 2215,TV Show,Crime,Australia,Tamil,2016,2023-07-25,PG,60,2.0,5.9,67627,8.37
N02216,The Night Agent,Movie,Action,Canada,Japanese,2003,2024-12-24,TV-PG,133,,6.3,70038,24.26
N02217,Red Notice 2217,Movie,Crime,United States,German,2005,2025-02-25,G,122,,7.3,15569,302.24
N02218,Jawan 2218,Movie,Horror,India,Tamil,2015,2022-11-04,G,82,,6.6,12116,36.44
N02219,Andhadhun 2219,Movie,Horror,France,French,2001,2022-08-09,TV-PG,102,,7.9,26144,101.37
N02220,Bird Box 2220,Movie,Horror,United States,Japanese,2003,2025-05-27,PG-13,79,,8.1,347957,15.15
N02221,Glass Onion 2221,Movie,Horror,Spain,Spanish,2015,2023-07-23,PG-13,97,,6.3,28220,17.05
N02222,Red Notice 2222,Movie,Horror,Japan,French,2013,2025-08-27,TV-MA,90,,7.9,9934,1.64
N02223,The Gray Man 2223,Movie,Action,Spain,Japanese,2025,2022-08-08,TV-PG,77,,8.8,26434,2.14
N02224,All Quiet on the Western Front,Movie,Comedy,South Korea,English,2008,2023-07-21,TV-G,159,,7.2,74886,7.62
N02225,Bridgerton 2225,TV Show,Sci-Fi,Germany,German,2008,2023-12-16,TV-PG,49,3.0,6.7,10936,30.61
N02226,Bird Box 2226,Movie,Documentary,United Kingdom,German,2006,2023-08-25,PG-13,92,,6.6,10743,8.81
N02227,The Irishman 2227,Movie,Romance,Germany,English,2008,2021-12-13,R,111,,6.9,37805,16.49
N02228,Manifest 2228,Movie,Crime,Spain,German,2018,2022-12-21,R,175,,6.7,23691,65.19
N02229,Wednesday 2229,Movie,Animation,South Korea,Spanish,2016,2022-05-14,TV-14,118,,6.0,158137,43.84
N02230,Glass Onion 2230,TV Show,Sci-Fi,Australia,Hindi,2022,2021-10-11,PG,53,7.0,7.3,121714,36.97
N02231,Wednesday,TV Show,Animation,United Kingdom,Hindi,2010,2024-05-15,R,60,6.0,6.9,50526,26.11
N02232,Andhadhun 2232,Movie,Crime,United Kingdom,German,2018,2025-08-19,TV-14,120,,6.7,21097,165.69
N02233,The Adam Project 2233,TV Show,Action,United Kingdom,German,2017,2022-10-11,TV-14,45,3.0,8.1,36043,61.12
N02234,Jawan 2234,Movie,Drama,Australia,English,2018,2020-12-09,TV-PG,177,,7.1,54654,86.02
N02235,Money Heist 2235,Movie,Action,South Korea,French,2015,2020-08-04,TV-G,141,,7.3,16167,12.1
N02236,The Irishman 2236,Movie,Comedy,United Kingdom,German,2010,2022-11-15,TV-G,105,,7.5,248515,5.28
N02237,Roma 2237,Movie,Documentary,United Kingdom,Hindi,2006,2022-01-16,TV-G,83,,5.7,2877,20.42
N02238,RRR 2238,Movie,Action,Spain,Japanese,2021,2023-03-26,TV-14,127,,8.1,31453,15.98
N02239,Squid Game 2239,Movie,Action,South Korea,French,2024,2022-09-15,G,148,,7.1,17308,61.53
N02240,All Quiet on the Western Front 2240,Movie,Drama,Germany,Tamil,2010,2022-12-14,TV-14,158,,6.1,112769,5.03
N02241,Lucifer 2241,Movie,Comedy,South Korea,German,2012,2022-07-23,PG,173,,6.0,49858,43.92
N02242,The Crown 2242,Movie,Drama,Australia,English,2018,2025-07-07,G,126,,6.2,10225,77.66
N02243,Ozark 2243,Movie,Drama,Canada,French,2003,2021-12-24,TV-G,139,,6.6,4504,10.07
N02244,12th Fail 2244,TV Show,Thriller,Australia,Tamil,2021,2023-08-16,TV-MA,30,6.0,6.2,2408,27.67
N02245,Drishyam 2245,Movie,Horror,Australia,Spanish,2009,2023-01-02,PG-13,87,,5.7,767,12.84
N02246,You 2246,Movie,Comedy,Japan,Hindi,2006,2021-07-25,PG,108,,6.2,127666,37.84
N02247,Bridgerton,Movie,Sci-Fi,India,German,2015,2023-11-12,TV-PG,120,,6.5,4801,13.79
N02248,The Crown 2248,Movie,Action,Japan,Tamil,2005,2021-01-26,PG-13,146,,5.6,48800,7.37
N02249,The Umbrella Academy 2249,TV Show,Action,Australia,French,2017,2024-11-14,PG,51,2.0,8.4,19343,108.19
N02250,Money Heist 2250,Movie,Crime,Spain,German,2005,2025-03-17,R,161,,6.3,234823,29.86
N02251,Red Notice,Movie,Comedy,Spain,English,2000,2025-11-11,TV-14,126,,8.4,3789,125.76
N02252,RRR 2252,Movie,Horror,United States,Japanese,2010,2022-08-14,TV-14,180,,6.5,4620,271.43
N02253,Roma,Movie,Horror,Spain,Japanese,2014,2025-10-14,R,113,,7.8,4917,17.01
N02254,Manifest 2254,Movie,Animation,United Kingdom,Korean,2015,2024-11-16,R,98,,6.8,12905,91.16
N02255,The Crown,Movie,Drama,Canada,German,2010,2025-10-14,PG-13,91,,7.4,14626,40.7
N02256,The Adam Project 2256,Movie,Romance,Australia,Hindi,2008,2024-09-03,TV-G,148,,6.9,26002,109.53
N02257,Bird Box,TV Show,Thriller,France,German,2015,2020-04-04,PG,39,6.0,6.4,21034,18.77
N02258,Darlings 2258,TV Show,Animation,France,German,2008,2022-04-15,PG-13,41,8.0,7.2,5878,71.43
N02259,Darlings,Movie,Horror,South Korea,French,2007,2022-08-19,R,147,,6.0,7775,6.11
N02260,Narcos 2260,Movie,Animation,United States,German,2005,2021-07-11,TV-PG,115,,6.9,35695,4.77
N02261,Black Mirror 2261,Movie,Animation,India,Korean,2010,2024-04-08,TV-MA,135,,6.3,87836,4.59
N02262,You,TV Show,Crime,Canada,Spanish,2024,2025-12-04,G,56,7.0,6.7,11768,41.24
N02263,All Quiet on the Western Front,TV Show,Sci-Fi,Spain,Tamil,2016,2021-01-19,TV-G,64,8.0,5.7,45654,61.72
N02264,Wednesday,Movie,Horror,Japan,Japanese,2018,2022-06-22,TV-MA,117,,7.1,17972,30.21
N02265,Kantara 2265,Movie,Animation,France,Spanish,2004,2022-05-13,R,120,,7.7,57800,43.9
N02266,Drishyam 2266,Movie,Documentary,India,German,2019,2021-05-26,TV-PG,115,,8.0,60872,9.01
N02267,Drishyam,Movie,Animation,Spain,English,2022,2022-04-24,G,115,,6.8,27551,8.49
N02268,The Crown 2268,Movie,Sci-Fi,United Kingdom,French,2020,2020-04-28,TV-MA,173,,7.1,22976,41.48
N02269,Lucifer,Movie,Sci-Fi,United Kingdom,German,2013,2024-06-08,TV-G,78,,7.4,7570,13.42
N02270,The Irishman 2270,Movie,Action,India,Korean,2017,2024-01-27,TV-PG,105,,7.2,33197,17.63
N02271,Enola Holmes 2271,Movie,Crime,Spain,Tamil,2001,2022-11-14,TV-MA,95,,6.9,272877,107.33
N02272,Stranger Things 2272,TV Show,Sci-Fi,Canada,French,2015,2025-11-22,TV-G,40,5.0,9.0,121083,9.49
N02273,Drishyam,Movie,Action,Canada,Hindi,2021,2020-11-18,TV-PG,153,,7.7,3520,91.27
N02274,The Crown 2274,TV Show,Sci-Fi,United Kingdom,Spanish,2016,2022-02-01,PG,50,3.0,6.9,8910,17.16
N02275,Manifest 2275,Movie,Sci-Fi,South Korea,English,2001,2025-05-15,TV-PG,130,,6.6,16308,56.06
N02276,The Crown 2276,Movie,Documentary,Canada,Tamil,2001,2024-10-22,TV-MA,91,,6.8,29916,53.77
N02277,Enola Holmes,TV Show,Documentary,Australia,Korean,2012,2024-04-13,PG,22,4.0,7.3,10462,50.37
N02278,Cobra Kai,Movie,Documentary,Canada,French,2005,2020-05-28,PG-13,142,,5.8,13309,67.45
N02279,Drishyam 2279,Movie,Animation,France,English,2020,2022-12-28,G,102,,6.4,67743,51.02
N02280,Jawan 2280,Movie,Romance,India,German,2005,2021-02-16,TV-MA,81,,7.4,7690,13.32
N02281,Drishyam 2281,TV Show,Comedy,France,Hindi,2016,2022-01-04,G,58,2.0,9.2,73681,40.77
N02282,The Witcher 2282,Movie,Crime,France,Spanish,2008,2023-07-19,TV-G,119,,6.6,126800,17.38
N02283,Andhadhun 2283,Movie,Action,Australia,German,2024,2020-08-08,R,79,,6.4,86317,19.01
N02284,The Queen's Gambit 2284,Movie,Sci-Fi,India,Japanese,2010,2020-06-06,G,117,,7.8,13223,12.6
N02285,Elite,Movie,Horror,United Kingdom,German,2011,2024-01-09,TV-G,177,,5.7,51996,165.07
N02286,Sex Education,TV Show,Drama,Australia,Spanish,2004,2023-11-14,TV-MA,45,6.0,6.1,6942,14.87
N02287,Manifest 2287,TV Show,Documentary,India,Spanish,2015,2022-06-11,G,27,4.0,6.7,54761,73.82
N02288,Bird Box,Movie,Action,France,French,2006,2020-01-19,TV-PG,90,,7.6,351013,15.28
N02289,Kantara 2289,Movie,Romance,United Kingdom,Spanish,2004,2025-01-15,PG-13,110,,7.5,1847,30.15
N02290,Cobra Kai,Movie,Crime,Japan,Spanish,2004,2023-08-06,TV-G,88,,6.4,69001,10.48
N02291,Narcos,Movie,Crime,United Kingdom,Japanese,2004,2023-09-15,TV-G,139,,5.1,22111,80.38
N02292,Enola Holmes,TV Show,Action,Australia,Tamil,2018,2024-05-23,TV-MA,51,3.0,7.6,9350,24.1
N02293,Ozark,TV Show,Thriller,France,Hindi,2010,2023-08-20,TV-MA,45,2.0,5.9,38741,15.42
N02294,The Witcher,Movie,Drama,Japan,English,2009,2020-07-13,PG,115,,5.5,33896,16.56
N02295,Red Notice 2295,Movie,Action,Japan,Japanese,2000,2025-04-19,TV-G,99,,6.0,8409,44.28
N02296,The Gray Man 2296,Movie,Romance,Germany,Tamil,2003,2020-09-14,PG-13,85,,7.5,1949,130.43
N02297,Extraction,Movie,Romance,United States,Hindi,2012,2025-09-23,PG-13,93,,6.9,131493,37.59
N02298,Kantara 2298,TV Show,Comedy,Japan,Hindi,2013,2020-10-20,TV-G,61,1.0,7.2,17137,113.14
N02299,You 2299,Movie,Crime,Spain,Hindi,2005,2022-01-15,R,125,,5.3,4006,25.7
N02300,Squid Game 2300,Movie,Drama,Spain,English,2006,2020-06-28,G,76,,8.3,52625,35.43
N02301,Kantara 2301,Movie,Drama,Germany,Spanish,2025,2020-04-06,TV-G,158,,7.6,40907,3.64
N02302,Money Heist 2302,Movie,Romance,United Kingdom,Hindi,2003,2022-10-22,R,173,,7.0,13795,23.37
N02303,Wednesday 2303,Movie,Sci-Fi,Canada,German,2009,2025-10-06,PG,133,,6.7,27428,13.33
N02304,Bird Box 2304,TV Show,Crime,France,English,2006,2020-12-16,TV-G,41,4.0,8.2,12494,23.69
N02305,The Queen's Gambit 2305,TV Show,Animation,United States,English,2019,2020-01-03,PG,43,7.0,6.9,50573,15.03
N02306,The Gray Man 2306,Movie,Animation,Japan,Tamil,2002,2021-04-04,G,110,,6.6,3534,9.17
N02307,Extraction 2307,Movie,Horror,United Kingdom,Hindi,2001,2024-11-21,TV-PG,169,,7.0,22985,15.53
N02308,Glass Onion 2308,Movie,Animation,United States,Korean,2002,2022-10-12,TV-14,156,,7.1,77267,17.65
N02309,The Gray Man,Movie,Thriller,Canada,German,2013,2020-01-13,G,142,,7.2,36639,183.33
N02310,Money Heist 2310,Movie,Drama,United Kingdom,French,2013,2023-02-16,TV-PG,160,,7.4,16543,25.95
N02311,All Quiet on the Western Front 2311,Movie,Sci-Fi,Australia,Hindi,2004,2023-12-18,R,90,,8.6,25220,51.95
N02312,Jawan 2312,Movie,Romance,India,Japanese,2003,2022-05-14,TV-G,112,,6.3,9130,46.22
N02313,12th Fail 2313,Movie,Thriller,Germany,French,2021,2023-12-27,TV-MA,115,,8.3,9020,23.41
N02314,Money Heist 2314,Movie,Comedy,India,Hindi,2000,2020-11-05,TV-G,124,,7.7,112659,109.35
N02315,The Irishman 2315,Movie,Comedy,Spain,Japanese,2007,2020-01-03,TV-14,150,,6.1,24554,15.75
N02316,Dark,Movie,Romance,South Korea,Hindi,2020,2023-05-07,PG,94,,6.0,122227,125.46
N02317,Wednesday 2317,TV Show,Documentary,India,Tamil,2005,2022-03-24,TV-14,53,3.0,7.4,13625,25.78
N02318,Cobra Kai 2318,TV Show,Horror,South Korea,Japanese,2013,2025-07-13,TV-PG,64,6.0,6.4,20879,53.92
N02319,The Adam Project 2319,Movie,Sci-Fi,South Korea,Japanese,2024,2020-02-23,R,76,,6.3,52708,4.49
N02320,Stranger Things 2320,Movie,Comedy,Japan,German,2020,2024-10-28,TV-MA,105,,7.4,39915,9.85
N02321,The Adam Project 2321,Movie,Crime,Australia,Japanese,2017,2025-05-16,PG,110,,7.8,23180,500.0
N02322,Darlings 2322,TV Show,Thriller,South Korea,English,2007,2020-11-14,TV-PG,58,8.0,5.7,50721,64.29
N02323,Narcos 2323,Movie,Thriller,India,French,2011,2024-07-18,TV-G,77,,6.1,21285,57.08
N02324,Squid Game,Movie,Animation,Canada,Hindi,2000,2024-05-15,PG-13,136,,5.5,97797,16.07
N02325,The Gray Man,Movie,Drama,France,Spanish,2016,2025-08-17,TV-MA,79,,8.4,47808,99.71
N02326,All Quiet on the Western Front,Movie,Drama,France,French,2017,2024-03-18,PG-13,160,,6.5,27056,50.86
N02327,Red Notice 2327,TV Show,Thriller,Japan,Tamil,2005,2020-07-06,TV-G,65,4.0,7.6,17467,6.66
N02328,RRR 2328,Movie,Comedy,Japan,Korean,2008,2025-08-28,PG,93,,6.8,15874,50.32
N02329,Manifest 2329,Movie,Comedy,South Korea,Spanish,2025,2022-01-28,TV-PG,140,,7.0,160845,15.63
N02330,Elite 2330,TV Show,Romance,Japan,Tamil,2004,2022-11-26,PG-13,55,8.0,6.9,61424,103.93
N02331,The Witcher 2331,Movie,Animation,Canada,Hindi,2014,2025-11-03,R,85,,6.4,43723,5.14
N02332,Kantara 2332,Movie,Comedy,United States,Japanese,2001,2025-12-04,PG-13,148,,7.2,25344,14.21
N02333,Darlings,Movie,Action,United Kingdom,English,2023,2025-10-10,R,165,,7.1,4517,5.27
N02334,Drishyam 2334,Movie,Thriller,Germany,Spanish,2003,2021-07-21,TV-MA,89,,7.5,2508,37.75
N02335,12th Fail 2335,Movie,Animation,Japan,Korean,2019,2024-01-07,TV-G,109,,6.2,35087,24.75
N02336,The Night Agent 2336,Movie,Sci-Fi,Japan,Tamil,2020,2021-05-27,TV-PG,160,,7.3,29596,74.16
N02337,Ozark 2337,Movie,Sci-Fi,Germany,Japanese,2000,2024-12-04,TV-14,139,,7.1,16974,14.8
N02338,Drishyam 2338,TV Show,Horror,United Kingdom,Spanish,2000,2022-09-16,TV-PG,28,5.0,6.9,44454,31.32
N02339,RRR 2339,Movie,Romance,France,English,2002,2025-11-23,G,127,,7.1,3500,27.28
N02340,Cobra Kai 2340,Movie,Comedy,India,German,2007,2021-12-04,R,103,,6.6,111676,37.85
N02341,Glass Onion 2341,Movie,Thriller,Germany,Hindi,2001,2024-10-05,TV-MA,158,,6.6,20084,9.55
N02342,Sex Education,TV Show,Romance,Spain,Spanish,2009,2022-07-18,PG,37,8.0,7.0,6655,71.06
N02343,Elite 2343,TV Show,Action,Canada,Tamil,2007,2023-10-21,TV-14,62,1.0,8.5,5964,21.33
N02344,12th Fail,Movie,Action,United States,Hindi,2014,2024-10-25,G,76,,5.6,42517,92.15
N02345,The Adam Project 2345,Movie,Documentary,South Korea,Japanese,2025,2020-11-12,TV-14,98,,6.7,149581,26.36
N02346,The Crown 2346,TV Show,Romance,France,Hindi,2011,2021-05-28,TV-14,58,4.0,7.7,2528,104.1
N02347,Wednesday 2347,Movie,Romance,Spain,English,2001,2020-05-02,TV-MA,141,,8.2,2830,100.91
N02348,Roma,Movie,Documentary,Canada,French,2013,2021-06-14,TV-MA,168,,7.4,10832,31.87
N02349,Darlings 2349,Movie,Animation,Australia,French,2017,2025-02-03,TV-14,99,,7.5,21668,25.9
N02350,The Witcher 2350,Movie,Crime,Canada,French,2003,2020-08-28,TV-14,77,,7.6,4174,21.38
N02351,All Quiet on the Western Front 2351,TV Show,Comedy,France,Tamil,2008,2023-01-06,TV-PG,64,4.0,6.6,55911,2.16
N02352,Jawan 2352,Movie,Comedy,France,Spanish,2012,2022-11-10,TV-14,111,,6.1,34405,11.74
N02353,All Quiet on the Western Front,TV Show,Thriller,United Kingdom,French,2017,2024-02-23,PG,51,3.0,5.5,38545,112.29
N02354,Squid Game,TV Show,Horror,Australia,Japanese,2009,2024-12-27,TV-G,45,4.0,6.9,5844,69.28
N02355,Cobra Kai 2355,Movie,Sci-Fi,Japan,Japanese,2020,2021-06-04,TV-14,142,,5.7,51801,28.09
N02356,Enola Holmes 2356,TV Show,Comedy,France,English,2014,2025-10-03,TV-14,49,7.0,7.2,5461,25.41
N02357,Stranger Things 2357,Movie,Action,France,French,2011,2023-08-11,TV-14,149,,7.2,41423,12.18
N02358,Sex Education 2358,Movie,Crime,Japan,Japanese,2011,2023-08-16,TV-14,128,,6.6,241952,132.26
N02359,12th Fail,Movie,Sci-Fi,Germany,French,2011,2023-06-05,TV-PG,156,,7.3,137043,16.73
N02360,Darlings 2360,Movie,Thriller,Germany,Tamil,2020,2025-07-07,R,165,,6.9,179872,11.97
N02361,Andhadhun 2361,TV Show,Documentary,United Kingdom,French,2022,2025-09-18,TV-G,65,3.0,9.0,156441,26.88
N02362,12th Fail,Movie,Horror,Australia,English,2022,2025-03-25,TV-G,129,,7.0,44315,24.11
N02363,Enola Holmes 2363,Movie,Documentary,Spain,Hindi,2009,2023-06-08,TV-G,136,,7.9,82497,23.24
N02364,The Irishman 2364,Movie,Sci-Fi,Spain,French,2024,2020-11-16,PG-13,89,,8.7,13811,33.71
N02365,Wednesday 2365,Movie,Romance,United States,German,2005,2025-01-01,TV-14,140,,8.0,12438,33.1
N02366,Manifest,Movie,Documentary,Australia,Hindi,2024,2024-01-03,G,172,,7.7,57687,46.92
N02367,The Witcher,Movie,Romance,Australia,Japanese,2020,2023-06-19,TV-PG,134,,6.7,65921,13.48
N02368,The Queen's Gambit 2368,Movie,Action,United States,Spanish,2002,2021-10-10,R,130,,6.7,100589,39.9
N02369,Darlings 2369,Movie,Sci-Fi,Canada,Korean,2006,2022-11-18,TV-PG,124,,8.0,78093,9.28
N02370,Extraction 2370,Movie,Drama,United Kingdom,French,2007,2021-03-14,TV-G,120,,6.1,109743,73.66
N02371,RRR,Movie,Documentary,South Korea,Korean,2004,2025-09-22,PG,134,,6.4,10531,19.9
N02372,Bridgerton,TV Show,Action,Spain,English,2002,2022-01-15,G,51,7.0,5.7,140685,30.61
N02373,Jawan 2373,TV Show,Action,Australia,English,2025,2021-01-10,TV-MA,40,8.0,6.1,62691,66.67
N02374,Lucifer 2374,Movie,Drama,Germany,Tamil,2022,2022-08-17,TV-14,106,,7.9,108230,5.1
N02375,Bridgerton,Movie,Thriller,Canada,Korean,2012,2023-01-23,TV-MA,131,,6.8,13035,30.89
N02376,Elite,TV Show,Comedy,Germany,English,2022,2021-02-23,TV-G,46,1.0,7.3,15555,106.29
N02377,Drishyam,Movie,Thriller,Australia,Spanish,2006,2021-12-22,PG,180,,5.7,77512,15.37
N02378,Wednesday,Movie,Crime,India,Spanish,2000,2025-06-28,TV-14,129,,7.2,10627,8.3
N02379,Extraction,TV Show,Thriller,Canada,English,2008,2020-06-24,R,21,1.0,6.7,11701,5.54
N02380,The Night Agent,TV Show,Comedy,Australia,German,2022,2023-10-14,G,45,4.0,6.9,76065,58.44
N02381,The Gray Man,Movie,Documentary,Spain,Japanese,2010,2025-12-23,G,108,,7.4,7262,11.97
N02382,The Witcher 2382,TV Show,Sci-Fi,Canada,Tamil,2024,2020-06-18,TV-MA,27,5.0,6.3,47111,51.11
N02383,Manifest 2383,TV Show,Sci-Fi,Canada,Hindi,2018,2022-05-24,PG-13,40,1.0,6.4,32427,57.98
N02384,Dark,Movie,Action,France,French,2008,2020-04-15,G,119,,7.8,26014,31.65
N02385,12th Fail,TV Show,Crime,Spain,Hindi,2005,2023-11-01,TV-MA,20,8.0,7.0,101704,13.82
N02386,The Witcher 2386,Movie,Documentary,Japan,English,2002,2022-05-04,TV-G,134,,8.2,19048,48.0
N02387,Bird Box 2387,TV Show,Drama,United States,French,2010,2023-07-04,G,36,3.0,7.3,18978,25.36
N02388,Narcos 2388,TV Show,Drama,France,Japanese,2015,2021-01-21,PG-13,34,5.0,6.1,22838,55.81
N02389,Wednesday,Movie,Sci-Fi,United Kingdom,Hindi,2005,2021-11-25,TV-MA,110,,7.0,29297,127.98
N02390,12th Fail,Movie,Documentary,South Korea,English,2018,2020-03-22,PG-13,143,,5.7,72952,94.24
N02391,Enola Holmes 2391,Movie,Action,United States,Spanish,2012,2025-01-24,G,176,,6.1,29497,28.62
N02392,Dark,TV Show,Drama,Japan,Tamil,2014,2025-07-05,G,45,8.0,6.8,207397,40.8
N02393,Wednesday,TV Show,Horror,France,Spanish,2011,2021-06-28,PG,51,4.0,8.3,8676,112.31
N02394,Drishyam,Movie,Horror,United States,German,2025,2020-09-07,PG,134,,6.3,19849,46.43
N02395,The Night Agent,TV Show,Drama,United States,Tamil,2024,2020-04-23,TV-PG,34,1.0,6.4,16401,241.25
N02396,Cobra Kai 2396,TV Show,Crime,United States,German,2022,2022-10-26,TV-MA,22,7.0,6.3,77244,152.8
N02397,Kantara 2397,Movie,Animation,United States,English,2014,2021-08-14,PG,91,,5.6,414707,7.16
N02398,Extraction,Movie,Drama,United States,Japanese,2006,2023-04-18,TV-MA,116,,5.4,10323,133.06
N02399,12th Fail 2399,Movie,Sci-Fi,South Korea,French,2005,2020-06-27,TV-PG,122,,7.5,10087,20.3
N02400,Red Notice 2400,TV Show,Thriller,Canada,English,2003,2025-06-04,R,52,8.0,7.1,7538,8.63
N02401,Bird Box,TV Show,Comedy,Spain,Hindi,2019,2022-07-19,R,60,1.0,6.7,54538,89.86
N02402,The Queen's Gambit,Movie,Action,Germany,German,2024,2021-09-15,R,148,,6.7,16508,66.08
N02403,Squid Game 2403,Movie,Romance,United Kingdom,Japanese,2004,2020-04-16,R,80,,7.7,20765,23.24
N02404,The Umbrella Academy 2404,Movie,Animation,India,Tamil,2009,2022-04-14,TV-PG,149,,6.0,9484,12.97
N02405,Narcos 2405,Movie,Comedy,South Korea,French,2006,2020-09-19,TV-PG,128,,8.9,69066,66.64
N02406,Money Heist 2406,TV Show,Crime,Japan,Spanish,2009,2021-01-09,PG-13,46,4.0,5.6,6626,35.39
N02407,Squid Game 2407,TV Show,Thriller,Japan,German,2006,2020-05-01,TV-MA,29,6.0,6.6,47564,33.8
N02408,You 2408,TV Show,Horror,France,German,2007,2022-08-24,G,51,3.0,6.0,118318,21.08
N02409,Money Heist,TV Show,Crime,Spain,German,2006,2020-02-20,PG-13,32,4.0,7.6,3793,93.73
N02410,Enola Holmes,Movie,Drama,Germany,German,2015,2024-11-06,TV-14,127,,7.1,15187,86.0
N02411,You,TV Show,Animation,France,German,2017,2024-01-10,PG-13,53,2.0,7.9,94951,144.56
N02412,The Witcher 2412,Movie,Documentary,France,German,2017,2024-08-01,R,95,,7.1,13559,63.8
N02413,All Quiet on the Western Front 2413,Movie,Drama,Spain,Spanish,2017,2023-01-06,TV-14,144,,7.3,29231,14.85
N02414,Andhadhun,Movie,Horror,United States,German,2021,2025-11-10,R,115,,8.1,20635,52.18
N02415,Glass Onion 2415,Movie,Sci-Fi,Spain,German,2016,2020-05-03,TV-PG,131,,8.4,23602,276.56
N02416,Extraction,TV Show,Sci-Fi,Spain,Tamil,2010,2021-05-16,PG,30,2.0,7.1,42778,50.07
N02417,Black Mirror 2417,TV Show,Thriller,Japan,English,2008,2024-05-27,TV-MA,61,8.0,7.5,31568,44.57
N02418,RRR 2418,TV Show,Horror,South Korea,French,2014,2023-06-21,PG-13,46,7.0,6.1,54613,17.76
N02419,You,Movie,Documentary,United Kingdom,Spanish,2010,2025-07-16,PG,82,,6.9,20284,46.62
N02420,Elite 2420,Movie,Drama,India,Tamil,2021,2025-09-17,R,131,,8.2,5343,7.35
N02421,Glass Onion 2421,TV Show,Action,Japan,Spanish,2019,2024-07-14,TV-14,36,7.0,7.7,37888,5.61
N02422,You 2422,Movie,Crime,Canada,Tamil,2011,2021-08-08,TV-PG,85,,5.8,26497,6.86
N02423,The Irishman 2423,Movie,Drama,United States,Hindi,2012,2022-10-26,TV-MA,79,,6.9,9621,160.45
N02424,Sex Education 2424,Movie,Drama,United States,Korean,2002,2020-01-04,TV-G,116,,6.5,37667,14.27
N02425,Drishyam 2425,TV Show,Crime,United Kingdom,German,2008,2025-04-02,TV-G,28,6.0,6.0,38278,5.06
N02426,Enola Holmes 2426,TV Show,Action,India,Hindi,2006,2020-08-03,R,48,1.0,5.5,20152,34.24
N02427,Sex Education,Movie,Drama,United Kingdom,Tamil,2008,2022-03-14,TV-PG,114,,5.6,21539,76.91
N02428,Drishyam 2428,Movie,Thriller,South Korea,German,2010,2022-06-20,TV-G,120,,8.7,26808,31.43
N02429,The Witcher 2429,TV Show,Action,United States,Tamil,2018,2022-12-08,TV-MA,30,4.0,7.0,17086,386.69
N02430,Squid Game 2430,TV Show,Action,Australia,Japanese,2007,2022-11-15,G,38,4.0,7.3,143300,10.36
N02431,Darlings,TV Show,Documentary,United States,Spanish,2015,2025-09-07,PG,45,5.0,6.5,24352,9.74
N02432,Roma 2432,Movie,Drama,France,Japanese,2025,2022-03-20,PG-13,79,,8.7,10374,40.24
N02433,Wednesday 2433,Movie,Comedy,France,Spanish,2007,2022-09-19,TV-14,152,,6.7,11628,20.48
N02434,Elite,Movie,Romance,Germany,Japanese,2020,2025-06-13,TV-PG,142,,6.6,35992,6.25
N02435,Ozark,TV Show,Action,Japan,Hindi,2020,2025-04-19,TV-PG,21,7.0,6.5,5623,28.29
N02436,Narcos 2436,Movie,Thriller,Canada,Spanish,2009,2024-03-03,TV-14,170,,9.0,172193,149.68
N02437,All Quiet on the Western Front,TV Show,Crime,South Korea,English,2005,2023-01-12,TV-MA,55,4.0,6.7,37897,4.93
N02438,The Umbrella Academy 2438,Movie,Romance,United States,Spanish,2019,2023-06-15,PG-13,107,,6.7,20124,26.64
N02439,Kantara 2439,Movie,Sci-Fi,Australia,German,2024,2023-11-11,PG-13,157,,6.3,26006,81.3
N02440,The Night Agent 2440,TV Show,Thriller,Australia,Hindi,2020,2025-10-18,R,26,5.0,6.9,36691,76.59
N02441,Andhadhun 2441,TV Show,Sci-Fi,Australia,French,2011,2021-08-10,TV-G,42,2.0,7.3,285767,7.21
N02442,RRR 2442,TV Show,Sci-Fi,India,French,2017,2023-02-20,G,24,4.0,7.4,17856,52.61
N02443,Kantara,TV Show,Crime,Canada,German,2014,2020-01-12,TV-14,59,6.0,6.7,53146,32.14
N02444,The Gray Man,Movie,Thriller,Spain,Korean,2010,2021-12-18,TV-G,138,,6.6,44831,20.7
N02445,The Umbrella Academy 2445,Movie,Action,Germany,Hindi,2021,2020-12-12,PG-13,153,,6.6,20340,20.67
N02446,The Witcher 2446,Movie,Thriller,Spain,Japanese,2024,2025-05-09,PG,152,,8.7,24049,8.99
N02447,Andhadhun 2447,TV Show,Comedy,Australia,Spanish,2025,2023-08-22,TV-14,55,5.0,6.8,62466,59.71
N02448,Narcos 2448,TV Show,Thriller,France,English,2014,2021-02-21,G,27,3.0,6.2,28436,26.06
N02449,Enola Holmes 2449,Movie,Sci-Fi,Canada,German,2000,2025-07-26,TV-MA,154,,6.4,75707,7.62
N02450,Glass Onion 2450,TV Show,Romance,United States,Tamil,2023,2022-12-15,R,44,5.0,6.7,46991,44.78
N02451,Sex Education 2451,TV Show,Sci-Fi,Germany,Tamil,2018,2025-03-04,PG,29,4.0,7.4,29748,375.89
N02452,Kantara,TV Show,Drama,France,Hindi,2020,2025-07-05,R,54,1.0,6.9,102347,74.79
N02453,Andhadhun 2453,Movie,Crime,India,English,2018,2022-02-04,TV-G,133,,6.8,23083,37.66
N02454,Money Heist 2454,Movie,Sci-Fi,Germany,Tamil,2018,2025-01-18,TV-G,111,,7.2,52041,6.05
N02455,Darlings 2455,Movie,Comedy,United Kingdom,German,2013,2024-09-17,PG-13,141,,8.1,27519,53.0
N02456,Lucifer,Movie,Sci-Fi,Canada,Korean,2006,2020-01-19,TV-G,107,,8.4,75213,25.94
N02457,Bridgerton,Movie,Documentary,Germany,Hindi,2010,2022-07-15,TV-14,132,,7.5,19464,58.01
N02458,Narcos 2458,Movie,Action,Spain,Korean,2017,2023-02-14,TV-PG,152,,5.9,11082,68.33
N02459,Dark 2459,Movie,Action,Japan,French,2008,2020-09-24,TV-14,176,,6.5,39440,26.72
N02460,12th Fail,TV Show,Animation,United States,Hindi,2012,2022-02-20,R,36,1.0,6.3,35129,52.34
N02461,The Irishman 2461,Movie,Sci-Fi,Spain,English,2004,2025-07-27,TV-14,154,,6.6,184834,31.92
N02462,Squid Game,TV Show,Documentary,India,Japanese,2009,2021-01-14,TV-G,26,8.0,6.8,18247,84.9
N02463,Manifest 2463,Movie,Romance,Spain,English,2000,2020-04-02,R,164,,7.0,23401,50.15
N02464,Sex Education 2464,Movie,Horror,France,Japanese,2002,2025-08-14,PG,173,,6.2,7843,35.78
N02465,Enola Holmes 2465,Movie,Animation,South Korea,Korean,2003,2021-05-20,PG-13,76,,5.5,10023,35.75
N02466,Bird Box 2466,TV Show,Sci-Fi,Germany,French,2014,2022-04-23,PG,47,3.0,6.1,7290,10.62
N02467,The Witcher 2467,Movie,Action,India,French,2025,2020-04-20,TV-PG,152,,7.1,8956,96.93
N02468,All Quiet on the Western Front 2468,TV Show,Thriller,United Kingdom,French,2025,2021-06-05,R,33,8.0,8.3,73600,18.56
N02469,The Umbrella Academy 2469,Movie,Documentary,United Kingdom,Korean,2007,2022-01-01,G,145,,7.5,8500,17.63
N02470,Kantara,TV Show,Romance,Canada,German,2022,2025-03-19,R,31,6.0,7.3,42405,34.69
N02471,12th Fail 2471,TV Show,Sci-Fi,United States,Spanish,2023,2025-03-14,PG-13,53,1.0,7.2,4115,55.71
N02472,Ozark,TV Show,Comedy,France,Japanese,2022,2020-05-15,TV-G,48,1.0,5.2,127242,16.45
N02473,The Crown 2473,TV Show,Crime,Spain,French,2024,2021-09-06,TV-14,57,8.0,5.7,8861,13.37
N02474,The Gray Man,TV Show,Action,Japan,Japanese,2022,2022-06-04,PG-13,32,8.0,6.9,7668,21.75
N02475,Black Mirror 2475,Movie,Action,United Kingdom,Tamil,2012,2020-04-17,TV-MA,107,,7.6,68568,15.87
N02476,Extraction 2476,Movie,Crime,United States,Hindi,2017,2020-07-22,R,152,,7.9,114192,47.32
N02477,The Witcher 2477,Movie,Animation,United Kingdom,English,2004,2021-07-21,R,164,,7.5,19002,10.04
N02478,The Adam Project 2478,Movie,Crime,Australia,Spanish,2011,2024-09-18,TV-MA,84,,7.2,18470,42.98
N02479,Lucifer 2479,Movie,Horror,Spain,Korean,2017,2025-07-01,R,111,,8.4,28422,105.48
N02480,RRR 2480,TV Show,Horror,United States,Spanish,2013,2020-04-06,G,36,5.0,6.4,27514,36.69
N02481,Jawan 2481,TV Show,Sci-Fi,Germany,English,2022,2022-04-17,PG,57,2.0,7.4,317534,49.91
N02482,Lucifer,Movie,Animation,Germany,Hindi,2001,2024-02-18,TV-MA,166,,6.5,35235,105.66
N02483,Roma 2483,Movie,Sci-Fi,South Korea,Japanese,2016,2023-01-07,TV-MA,124,,5.8,105784,17.61
N02484,Cobra Kai 2484,Movie,Comedy,United Kingdom,Spanish,2006,2023-06-17,TV-14,114,,7.3,4502,20.9
N02485,Andhadhun 2485,TV Show,Romance,Australia,Hindi,2017,2020-10-12,R,45,2.0,7.1,8485,63.63
N02486,You 2486,Movie,Drama,India,Spanish,2001,2021-09-21,TV-MA,103,,6.8,21308,13.33
N02487,The Gray Man 2487,Movie,Sci-Fi,United States,Hindi,2021,2025-04-27,G,171,,7.8,53348,21.14
N02488,Andhadhun 2488,Movie,Sci-Fi,United Kingdom,English,2014,2023-12-27,R,81,,8.6,67703,41.16
N02489,Andhadhun 2489,Movie,Thriller,Japan,Japanese,2011,2023-02-16,R,83,,7.8,7476,16.16
N02490,Squid Game 2490,Movie,Comedy,Canada,Japanese,2011,2020-08-10,TV-14,131,,6.8,9777,6.21
N02491,The Witcher 2491,Movie,Romance,Australia,French,2006,2024-01-23,TV-MA,110,,6.4,17675,102.08
N02492,Kantara 2492,Movie,Documentary,India,Korean,2017,2025-02-09,G,166,,6.3,13762,29.33
N02493,Manifest,Movie,Drama,Japan,Tamil,2025,2025-05-21,PG-13,161,,5.6,95372,99.48
N02494,Stranger Things,Movie,Comedy,Australia,Tamil,2016,2025-01-27,TV-14,145,,6.3,5585,15.62
N02495,The Witcher 2495,TV Show,Romance,United States,Tamil,2024,2025-03-22,PG-13,42,1.0,6.2,106322,111.52
N02496,Drishyam,Movie,Documentary,Japan,German,2016,2021-01-05,TV-MA,170,,7.2,110382,16.9
N02497,The Queen's Gambit 2497,Movie,Sci-Fi,India,Japanese,2017,2021-12-23,TV-G,171,,8.3,13299,12.03
N02498,Drishyam 2498,Movie,Sci-Fi,South Korea,English,2018,2020-03-21,TV-MA,120,,5.9,19082,13.04
N02499,Money Heist 2499,TV Show,Animation,Canada,English,2023,2024-09-06,PG,33,7.0,6.8,2056,66.23
N02500,Roma 2500,Movie,Horror,India,Japanese,2020,2020-08-02,G,100,,7.6,11881,20.84
